Pytanie;Poprawna_odpowiedz;Wyjaśnienie
"Jeśli pole walki jest na podwyższeniu dodatkowy metr do rozmiaru łącznego 3 metrów jest wymagany po wszystkich stronach.";0;"Brak informacji o tym w przepisach"
"Może być noszone jakiekolwiek nieobowiązkowe religijne nakrycie głowy";0;"2.2.17 Zawodnicy mogą nosić religijne nakrycie głowy typu aprobowanego przez WKF: czarną chustę z gładkiego materiału przykrywającą włosy, ale nie szyję i gardło"
"Bluza Karate-Gi musi być dłuższa niż 3/4 długości uda.";0;"2.2.8. Bluza, po przewiązaniu talii pasem, musi mieć minimalną długość zakrywającą biodra, ale nie może być dłuższa niż do 3/4 uda."
"Spodnie Karate-Gi muszą przykrywać przynajmniej 2/3 długości łydki.";1;"2.2.13. Spodnie muszą być wystarczająco długie, by zakryć co najmniej 2/3 podudzia i nie mogą sięgać poniżej kostki. Nogawki spodni nie mogą być podwinięte"
"Rękaw bluzy Karate-Gi nie może być dłuższy, niż do zgięcia nadgarstka.";1;"2.2.11. Maksymalna długość rękawów bluzy nie może być dłuższa niż do zgięcia nadgarstka i nie krótsza niż do połowy przedramienia"
"Jeśli rękawy bluzy Karate-Gi zawodnika są zbyt długie i odpowiedni zamiennik nie może być znaleziony na czas, Sędzia Prowadzący może pozwolić na zawinięcie ich do wewnątrz.";0;"2.2.12. Rękawy bluzy nie mogą być podwinięte."
"Zawodniczki mogą nosić 1 lub 2 dyskretne gumki lub uchwyt dla włosów ułożonych w „koński ogon”. Wstążki, opaski i inne dekoracje są zabronione.";0;"2.2.16. Wsuwki do włosów są zabronione, podobnie jak metalowe spinki do włosów. Wstążki, koraliki i inne ozdoby są zabronione. Dozwolona jest jedna lub dwie dyskretne gumki na pojedynczym „końskim ogonie”.Hachimaki (opaska na głowę) nie będzie dozwolona"
"Kolczyki są dopuszczalne, tylko gdy są przykryte taśmą";0;"2.2.18. Zawodnicy muszą mieć krótkie paznokcie i nie mogą nosić żadnych metalowych czy innych przedmiotów, mogących spowodować kontuzję u przeciwnika. Użycie metalowych aparatów na zęby musi być zatwierdzone przez Sędziego Prowadzącego i Lekarza Zawodów. Zawodnik przyjmuje pełną odpowiedzialność za jakiekolwiek kontuzje"
"Metalowe aparaty dentystyczne mogą być noszone na własne ryzyko zawodnika, jeśli zostaną zatwierdzone przez Sędziego Prowadzącego i oficjalnego doktora.";1;"2.2.18. Użycie metalowych aparatów na zęby musi być zatwierdzone przez Sędziego Prowadzącego i Lekarza Zawodów. Zawodnik przyjmuje pełną odpowiedzialność za jakiekolwiek kontuzje."
"Zawodnicy muszą się sobie właściwie ukłonić, na początku i końcu walki.";1;"6.7. Mecz rozpoczyna się ukłonem do Sędziów i następnie Zawodnicy kłaniają się sobie. 6.10. Po ogłoszeniu zwycięzcy Zawodnicy lub Drużyny kłaniają się sobie, następnie kłaniają się Sędziom i opuszczają Tatami."
"Trener może zmienić kolejność walczącej drużyny w czasie rundy";0;"3.7.6. Kolejność walk może się zmieniać dla każdej rundy z zastrzeżeniem, że nowa kolejność jest zgłoszona przed każdą rundą, ale raz zapisana nie może już być zmieniona aż do zakończenia rundy."
"Jeśli zawodnik jest kontuzjowany w trakcie meczu indywidualnego, to Trener może wprowadzić zastępcę, jeśli wpierw powiadomi Komitet Organizacyjny.";0;""
"Każdy Sędzia Boczny musi być wyposażony w czerwoną i niebieską flagę lub elektroniczne urządzenie sygnalizujące.";1;"1.12. Każdy Sędzia Boczny będzie wyposażony w czerwoną i niebieską flagę lub elektroniczne urządzenie sygnalizacyjne."
"Jeśli dwie drużyny mają równe liczby zwycięstw i punktów, będzie rozegrana walka decydująca.";1;"12.5.2 Jeśli obie Drużyny mają taką samą liczbę zwycięstw i punktów w walkach, zostanie rozegrana decydująca walka. Każda Drużyna może wyznaczyć dowolnego Zawodnika ze swojej Drużyny do dodatkowej walki, niezależnie od tego, czy ten Zawodnik walczył już w poprzedniej walce pomiędzy tymi dwoma Drużynami."
"Kontroler meczu (KANSA) będzie wyposażony jedynie w gwizdek.";1;"1.11 Kontroler Meczu (KANSA) będzie siedział przy oficjalny stoliku. Kontroler Meczu będzie wyposażony w gwizdek."
"Dyskwalifikacja przez KIKEN oznacza, że zawodnicy są zdyskwalifikowani z danej kategorii.";1;"6.4 Wycofanie przez KIKEN oznacza dyskwalifikację Zawodników z danej kategorii, co niewpływa jednak na uczestnictwo w innej kategorii."
"Obcasy powyżej 4 cm nie mogą być noszone do stroju sędziowskiego.";1;"2.1.2 Dozwolone są następujące dodatki do stroju: Nie mogą być noszone do stroju obcasy wyższe niż 4cm"
"Walki seniorów trwają trzy minuty, a kobiet, juniorów i kadetów – dwie minuty.";0;"5.1 Czas trwania walki Kumite wynosi: a Kategorie Seniorów i Seniorek: 3 minuty efektywnego czasu b) Kategorie U21 Mężczyźni i Kobiety: 3 minuty efektywnego czasu c) Kategorie Kadeci i Juniorzy Mężczyźni i Kobiety: 2 minuty efektywnego czasu d) Kategorie U14 i U12 Chłopcy i Dziewczyny: 1.5 minuty efektywnego czasu e) Kategorie U10 i U8 Chłopcy i Dziewczyny: 1,0 minuta efektywnego czasu f) Kategorie Masters Mężczyzn i Kobiet: 2 minuty efektywnego czasu"
"Członkowie drużyny Kumite mogą nosić dowolny rodzaj Karate Gi.";0;"2.2.1 Zawodnicy muszą nosić białe Karategi do karate bez pasków, lamówek lub osobistych haftów, inne niż wyraźne dozwolone przez Zarząd PUK"
"Różne typy wyhaftowanych znaków firmowych na ramionach mogą być używane przez członków drużyny.";1;"2.2.4 Zawodnicy lub Drużyny muszą nosić czerwony (AKA) lub niebieski pas (AO), zgodnie z losowaniem, bez osobistych haftów, reklam ani innych oznaczeń niż zwyczajowy znak producenta. Podczas walki nie mogą być noszone pasy oznaczające stopień."
"Zawodnik nie musi zmieniać bluzy Karate Gi, jeśli wiązania są zerwane w trakcie walki.";1;"2.2.8 Bluzy bez wiązań nie mogą być używane. Wiązania od bluzy muszą być zawiązane na początku walki. Jeśli są oderwane w trakcie walki, Zawodnik nie musi zmieniać bluzy."
"Zawodnicy mogą nosić dowolne białe Karate Gi.";0;"2.2.1 Zawodnicy muszą nosić białe Karategi do karate bez pasków, lamówek lub osobistychhaftów, inne niż wyraźne dozwolone przez Zarząd PUK"
"Szybka kombinacja CHUDAN Geri i TSUKI, z których każda byłaby punktowana otrzyma Ippon.";0;"8.6. IPPON (3 punkty) jest przyznawane za kopnięcia JODAN lub jakąkolwiek technikę wykonaną na przeciwniku, którego jakakolwiek część ciała inna niż stopy ma kontakt z matą – z wyjątkiem Hiza-Gamae (Jedno kolano dotykające maty podczas wykonania techniki)."
"W walkach seniorów, lekkie „dotknięcie rękawicy” na gardło nie musi powodować ostrzeżenia ani kary pod warunkiem, że nie ma kontuzji.";0;"9.1.1 Następujące zachowania są zabronione:1. Techniki z nadmiernym kontaktem na strefy punktowane oraz techniki zkontaktem na gardło."
"Kopnięcie w pachwinę nie będzie skutkowało karą, jeśli winny tej akcji nie zrobił tego umyślnie.";0;"9.1.1 Następujące zachowania są zabronione:2. Ataki na ręce lub nogi, pachwiny, stawy lub podbicie."
"Począwszy od 2023, dla Zawodników poniżej 14 roku życia, dozwolony jest hełm ochronny zatwierdzony przez WKF, a obowiązkowy od 1.01.2024.";0;"2.2.17 Następujący sprzęt ochronny jest obowiązkowy:Dodatkowo dla Zawodników kategorii U14 dopuszczone , ale nie obowiązkowe jestużywanie zatwierdzonego przez WKF kasku ochronnego i zewnętrznego ochraniaczaklatki piersiowej."
"Jeśli SENSHU jest wycofane, gdy jest mniej niż 15 sekund do końca walki, nie można już przyznać SENSHU w tej walce któremukolwiek zawodnikowi.";1;"12.2.9 Jeśli SENSHU zostanie wycofane, gdy do końca walki zostało mniej niż 15 sekund,żadnemu Zawodnikowi nie można przyznać kolejnego SENSHU"
"Jeśli Zawodnik, któremu przyznano SENSHU otrzyma ostrzeżenie za unikanie walki, gdy pozostało mniej niż 15 sekund do końca walki – zawodnik automatycznie utraci tą przewagę.";0;"10.4.16 Unikanie walki odnosi się do sytuacji, w której Zawodnik usiłuje uniemożliwić przeciwnikowi zdobycie punktów poprzez zachowanie marnujące czas, takie jak ciągłe wycofywanie się bez skutecznej kontry, trzymanie, klincz lub opuszczenie pola walki, zamiast dać przeciwnikowi szansę na zdobycie punktu. Unikanie walki w ciągu ostatnich 15 sekund walki (ATO SHIBARAKU) powoduje przyznanie co najmniej HANSOKU CHUI i utratę SENSHU. Ale w przepisy nie ma czegoś jak AUTOMATYCZNIE."
"Nieobowiązkowe religijne nakrycie głowy musi być zatwierdzone przez WKF.";1;"2.1.2 Dozwolone są następujące dodatki do stroju: b) Religijne nakrycie głowy zatwierdzone przez WKF."
"Kontroler Zawodów WKF lub Komisja Organizacyjna może zezwolić Trenerom, aby zamiast góry dresu używali dowolnego T-Shirta.";0;"2.3.2. Trenerzy muszą przez cały czas trwania zawodów nosić strój sportowy dres, dopuszczalna jest koszulka klubowa zamiast bluzy dresowej, buty sportowe. "
"HANSOKU-CHUI jest przyznawane, kiedy potencjał zawodnika do odniesienia zwycięstwa został poważnie zredukowany przez faul przeciwnika.";1;"HANSOKU CHUI jest przyznawane za poważniejsze ostrzeżenie przed dyskwalifikacją w przypadku dalszych wykroczeń wykroczenia, które zmniejszają szanse drugiego Zawodnika na wygraną, lub Zawodnikowi za dalsze wykroczenia, jeśli trzy CHUI zostały już przyznane"
"„Wymiana” jest okresem pomiędzy zatrzymaniem walki a zatrzymaniem zegara.";0;"nie ma w przepisie słowa ""Wymiana"""
"Dopuszczalna tolerancja wagi dla mężczyzn i kobiet wynosi 0.5 kg.";0;"3.2.2 Ważenie oficjalne : Dopuszczalna tolerancja na Mistrzostwach Polski Seniorów, Juniorów Młodszych,Juniorów i U21 wynosi 0.2 kg dla wszystkich kategorii męskich wynosi i 0.5kg dlawszystkich kategorii żeńskich.Na pozostałych zawodach tolerancja wagowa we wszystkich kategoriachwagowych żeńskich i męskich wynosi 1.0 kg."
"HANSOKU jest przyznawane za poważne naruszenia przepisów.";1;"10.3.1. HANSOKU - dyskwalifikacja z walki - Jest to kara po bardzo poważnym przewinieniu lub gdy HANSOKU CHUI zostało już przyznane"
"SHIKKAKU może być tylko nałożone po ostrzeżeniu.";0;"Nie musi np. 10.4.17. Zawodnik, który odmówi wykonania poleceń Sędziego Prowadzącego lub wykaże utratę panowania nad sobą, automatycznie otrzyma SHIKKAKU. "
"Jeśli zawodnik postępuje złośliwie, SHIKKAKU a nie HANSOKU jest właściwą karą.";1;"10.3.1 SHIKAKKU - dyskwalifikacja z zawodów: Jest to dyskwalifikacja z całego turnieju, w tym z każdej kolejnej kategorii, w której sprawca mógł być zarejestrowany. SHIKKAKU może zostać przyznane, gdy Zawodnik nie wykonuje poleceń Sędziego Prowadzącego, działa złośliwie lub popełnia czyn godzący w prestiż i honor Karate."
"Jeśli zawodnik postępuje złośliwie, HANSOKU jest właściwą karą.";0;"10.3.1 SHIKAKKU - dyskwalifikacja z zawodów: Jest to dyskwalifikacja z całego turnieju, w tym z każdej kolejnej kategorii, w której sprawca mógł być zarejestrowany. SHIKKAKU może zostać przyznane, gdy Zawodnik nie wykonuje poleceń Sędziego Prowadzącego, działa złośliwie lub popełnia czyn godzący w prestiż i honor Karate."
"Zawodnik może otrzymać SHIKKAKU, jeśli zachowanie Trenera lub niewalczących członków delegacji zawodnika jest uznane za godzące w prestiż i honor Karate-do.";0;"10.3.1 SHIKAKKU - dyskwalifikacja z zawodów: Jest to dyskwalifikacja z całego turnieju, w tym z każdej kolejnej kategorii, w której sprawca mógł być zarejestrowany. SHIKKAKU może zostać przyznane, gdy Zawodnik nie wykonuje poleceń Sędziego Prowadzącego, działa złośliwie lub popełnia czyn godzący w prestiż i honor Karate."
"Ta sama tolerancja wagi obowiązuje dla dolnej i górnej granicy kategorii wagowej.";1;"3.2.2 Ważenie oficjalne d) Tolerancja Ta sama tolerancja dotyczy zarówno górnej, jak i dolnej granicy kategorii wagowej."
"Dla konkurencji indywidualnej, po systemie Round-robin następują ćwierćfinały, półfinały i finał.";1;"3.8.1 Na zawodach Indywidualnych Zwycięzca każdej z grup przechodzi do regularnychćwierćfinałów, półfinałów i finału. Przegrani z finalistami w ćwierćfinale i półfinale walcząo brązowe medale."
"Pięć kryteriów musi zostać spełnione przy zaliczaniu punktowanej techniki.";0;"8.5 Aby technika mogła zostać uznana za punktowaną, musi mieć potencjał skuteczności, gdyby nie była kontrolowana, a także musi spełniać kryteria: 1. Dobra forma (prawidłowo wykonana technika) 2. Sportowa postawa (wykonana bez zamiaru spowodowania kontuzji) 3. Dynamiczne wykonanie (wykonana z szybkością i mocą) 4. Utrzymywanie świadomości przeciwnika zarówno w trakcie, jak i po wykonaniutechniki (nieodwracanie się i nieprzewracanie się po wykonaniu techniki – chyba, że upadek jest spowodowany faulem przeciwnika) 5. Dobry timing (zastosowanie techniki we właściwym momencie) 6. Prawidłowy dystans (wykonana w dystansie, z którego technika byłaby skuteczna)"
"Do pierwszej rundy w męskiej drużynie musi stawić się pięciu Zawodników.";0;"3.6 Skład Drużyn Kumite3.6.1 W konkurencji Kumite Drużynowego Drużyna może zmieniać skład Drużyny walczącejw każdym meczu. Dla walki dodatkowej (tie-break) Drużyna może zgłosić dowolnegozawodnika.3.6.2 Na wszystkich zawodach w konkurencji drużynowej do pierwszej walki musi stawić sięcały skład drużyny.3.6.3 Minimalny skład drużyny Mistrzostw Polski Seniorów: kobiety 3 + 1 dodatkowy,mężczyźni to 5 + 2 dodatkowych3.6.4 Minimalny skład drużyny pozostałych zawodów: kobiety 3 + 1 dodatkowy, mężczyźni 3+ 1 dodatkowy."
"Drużyny męskie składają się z pięciu do siedmiu członków z pięcioma walczącymi w rundzie.";1;"3.6.3 Minimalny skład drużyny Mistrzostw Polski Seniorów: kobiety 3 + 1 dodatkowy, mężczyźni to 5 + 2 dodatkowych"
"Do pierwszej rundy w drużynie żeńskiej musi stawić się minimum dwie Zawodniczki.";0;"3.6.2 Na wszystkich zawodach w konkurencji drużynowej do pierwszej walki musi stawić się cały skład drużyny."
"W systemie Round-robin maksymalnie 32 Zawodników na kategorię jest podzielonych na 8 grup po 4 zawodników.";1;"3.8.2 W zależności od liczby Zawodników przydział do grup będzie zgodny z poniższą tabelą:24 i więcej zgłoszeń na grup 8"
"Jeśli Trener po pierwszym ostrzeżeniu nadal przeszkadza w prowadzeniu walki, Sędzia Prowadzący zatrzyma walkę, zbliży się ponownie do Trenera i poprosi go o opuszczenie tatami.";1;"9.1.3 Dodatkowo Sędzia Prowadzący może, wyłącznie na podstawie własnej opinii, usunąć zpola walki każdego Trenera, który nie stosuje się do właściwego zachowania lub któryw opinii Sędziego Prowadzącego przeszkadza w prawidłowym prowadzeniu walki, a takżewstrzymać kontynuację walki, do czasu, aż Trener wykona polecenie. Te sameuprawnienia Sędziego Prowadzącego rozciągają się podporządkowanie mu innychczłonków otoczenia Zawodnika obecnych na polu rozgrywek."
"Jeśli AKA zdobywa punkt w chwili, gdy AO wychodzi poza obszar pola walki, mogą być przyznane zarówno punkt, jak i ostrzeżenie lub kara.";1;"7.10.1. Gdy jeden lub obaj Zawodnicy znajdują się poza obszarem pola walki, ale z wyjątkiem umożliwienia Zawodnikowi natychmiastowego zdobycia punktu na przeciwniku, który opuścił pole walki."
"Jeśli zawodnik był fizycznie wypchnięty z pola walki, będzie przyznany Jogai.";0;"10.4.13. JOGAI odnosi się do sytuacji, w której stopa Zawodnika lub jakakolwiek inna część ciała dotyka podłogi poza polem walki. Wyjątkiem jest sytuacja, gdy Zawodnik jest fizycznie wypchnięty lub rzucony poza pole walki przez przeciwnika lub opuszcza pole walki po zdobyciu punktu."
"W zawodach Premier League Zawodnicy, którzy przegrali z finalistami w ćwierćfinale i półfinale, walczą o brązowe medale";1;"3.8.1. Przegrani z finalistami w ćwierćfinale i półfinale walczą o brązowe medale."
"W przypadkach, kiedy jest remis pomiędzy dwoma lub więcej Zawodnikami w grupie, mającymi tą samą liczbę całkowitą punktów, pierwszym kryterium do rozważenia jest najwyższa pozycja w Rankingu Światowym na datę zawodów.";0;"12.3.1  1) Zwycięzca walki pomiędzy Zawodnikami biorącymi udział w remisie.  2) Większa liczba punktów zdobytych we wszystkich walkach.  3) Niższa liczba punktów straconych we wszystkich walkach. 4) Większa liczba IPPON zdobytych we wszystkich walkach.   5) Niższa liczba IPPON straconych we wszystkich walkach.  6) Większa liczba WAZA-ARI zdobytych we wszystkich walkach.  7) Niższa liczba WAZA-ARI straconych we wszystkich walkach. 8) Najwyższy ranking światowy w dniu zawodów."
"Jest możliwe, że zawodnik zostanie zdyskwalifikowany z walki (HANSOKU) i będzie kontynuował kategorię.";1;"12.3.2 Jest możliwe, że Zawodnik zostanie zdyskwalifikowany z walki (HANSOKU) i będzie kontynuował zawody. W tym przypadku jego przeciwnik zwycięża tę walkę albo przez 4-0 (liczone jako YUKO) lub inną wartość, jeśli wynik przekracza 4 punkty. Rezultaty poprzednich walk pozostają."
"Zawodnik, który zdobywa punkt i wychodzi poza pole walki zanim Sędzia Prowadzący zawoła YAME nie otrzyma JOGAI.";1;""
"Zawodnicy nie mogą otrzymywać kar po gongu oznaczającym koniec czasu walki.";0;"Mogą po walce np. 10.4.17 Niestosowanie się do instrukcji: Zawodnik, który odmówi wykonania poleceń Sędziego Prowadzącego lub wykaże utratę panowania nad sobą, automatycznie otrzyma SHIKKAKU. Kara ta może być nałożona przed, w trakcie lub po walce"
"W zawodach juniorów każda technika na twarz, głowę lub szyję, która powoduje kontuzję będzie karana ostrzeżeniem lub karą, chyba że jest to z winy poszkodowanego.";1;"10.4.2 Kontakt powodujący kontuzję: Każda technika, które powoduje kontuzję, może spowodować ostrzeżenie lub karę, o ile nie jest spowodowana przez poszkodowanego. Zawodnicy muszą wykonywać wszystkie techniki z kontrolą i dobrą formą. Jeśli nie umieją, to niezależnie od źle użytej techniki, ostrzeżenie lub kara muszą zostać nałożone. 10.4.6 Kontakt z gardłem: Każdy kontakt z gardłem, o ile nie nastąpił z winy poszkodowanego, musi skutkować ostrzeżeniem lub karą."
"W zawodach kadetów i juniorów kopnięcia na poziom JODAN są dozwolone z minimalnym kontaktem (dotyk skóry), o ile nie powodują kontuzji.";1;"8.10 „Dotyk skóry” jest dozwolony w kategoriach dla Zawodników U18 (Juniorzy) i starsi (U21, Seniorzy). Dla kategorii wiekowych U16 (Junior Młodszy) dotyk skóry jest dozwolony tylko przy kopnięciach. Dotyk skóry definiuje się jako dotknięcie celu bez przekazywania energii do głowy lub ciała. "
"W zawodach seniorów lekki dotyk jest dozwolony dla uderzeń TSUKI na JODAN, a większa tolerancja jest dopuszczalna dla kopnięć na JODAN.";0;"8.10 „Dotyk skóry” jest dozwolony w kategoriach dla Zawodników U18 (Juniorzy) i starsi(U21, Seniorzy). Dla kategorii wiekowych U16 (Junior Młodszy) dotyk skóry jestdozwolony tylko przy kopnięciach. Dotyk skóry definiuje się jako dotknięcie celu bezprzekazywania energii do głowy lub ciała. Dla Zawodników U14 i młodsi żaden dotykskóry jest dozwolony dla technik Jodan."
"Zawodnik, który już się zakwalifikował, nie może pod koniec Round-robin zostać zdyskwalifikowany za niewłaściwe postępowanie (SHIKKAKU).";0;"Może - SHIKKAKU może zostać przyznane, gdy Zawodnik nie wykonuje poleceń Sędziego Prowadzącego, działa złośliwie lub popełnia czyn godzący w prestiż i honor Karate."
"Jeśli na zawodach ma być stosowana inna odmiana formatu zawodów niż opisana w tych przepisach, to musi to zostać wyraźnie zapowiedziane w biuletynie zawodów.";1;"3.9.1 Jeżeli w danych zawodach ma być zastosowana inna odmiana formatu zawodów niżopisana w niniejszych zasadach, musi to być jasno określone w biuletynie zawodów izaakceptowane przez PUK"
"Złe zachowanie Trenera nie powoduje SHIKKAKU dla jego zawodnika i zawodnik nie musi być oddalony z maty.";1;"9.1.3 Dodatkowo Sędzia Prowadzący może, wyłącznie na podstawie własnej opinii, usunąć z pola walki każdego Trenera, który nie stosuje się do właściwego zachowania lub który w opinii Sędziego Prowadzącego przeszkadza w prawidłowym prowadzeniu walki, a także wstrzymać kontynuację walki, do czasu, aż Trener wykona polecenie. Te same uprawnienia Sędziego Prowadzącego rozciągają się podporządkowanie mu innych członków otoczenia Zawodnika obecnych na polu rozgrywek."
"Kiedy Sędziowie Boczni zauważą punktowaną technikę będą to natychmiast sygnalizować joystickami.";1;"15.4.2 Sędziowie Boczni uważnie obserwują działania Zawodników i sygnalizują Sędziemu Prowadzącemu opinię w przypadku zaobserwowania punktu"
"Skład sędziowski jest złożony z 1 Menadżera Tatami, 3 Asystentów Menadżera Tatami.";0;"4.1.1 Zespół Sędziowski do każdej walki składa się z jednego Sędziego Prowadzącego - SP (SHUSHIN), czterech Sędziów Bocznych – SB (FUKUSHIN) i jednego Kontrolera Meczu (KANSA), Kontrolera Punktacji, a jeśli jest używane Video Review także 2 Kontrolerów Video Review"
"Skład sędziowski do każdego meczu będzie zawierał jednego Sędziego prowadzącego, czterech Sędziów bocznych i jednego Kontrolera Meczu.";0;"4.1.1 Zespół Sędziowski do każdej walki składa się z jednego Sędziego Prowadzącego - SP(SHUSHIN), czterech Sędziów Bocznych – SB (FUKUSHIN) i jednego Kontrolera Meczu(KANSA), Kontrolera Punktacji, a jeśli jest używane Video Review także 2 KontrolerówVideo Review."
"Jeśli po rozpoczęciu walki okazuje się, że zawodnik nie ma protektora na zęby, to zostaje on zdyskwalifikowany.";0;"2.2.22 Obowiązkiem Kontrolera Meczu jest upewnienie się przez każdym meczem lub walką, że Zawodnicy noszą odpowiedni sprzęt"
"Sędzia Prowadzący wydaje wszelkie komendy i werdykty.";1;"15.3.1. Sędzia Prowadzący wydaje wszystkie polecenia i ogłasza wszystkie komendy."
"Dla zawodników w wieku 14 lat i mniej czas trwania walki Kumite wynosi 1.5 minuty.";1;"5.1 Czas trwania walki Kumite wynosi: d) Kategorie U14 i U12 Chłopcy i Dziewczyny: 1.5 minuty efektywnego czasu"
"Jeśli trzech Sędziów Bocznych sygnalizuje punkt dla AKA, to Sędzia Prowadzący musi zatrzymać walkę, nawet gdy uważa, że się mylą.";1;"7.10 W następujących sytuacjach Sędzia Prowadzący zawoła „YAME” i tymczasowo zatrzyma walkę: Gdy punkt jest wskazywany przez dwóch lub więcej Sędziów Bocznych dla tego samego Zawodnika."
"Jeśli dwóch lub więcej Sędziów Bocznych sygnalizuje punkty dla tego samego zawodnika, Sędzia Prowadzący musi zatrzymać walkę.";1;"7.10 W następujących sytuacjach Sędzia Prowadzący zawoła „YAME” i tymczasowo zatrzyma walkę: Gdy punkt jest wskazywany przez dwóch lub więcej Sędziów Bocznych dla tego samego Zawodnika."
"Pomiar czasu walki rozpoczyna się, gdy Sędzia Prowadzący daje sygnał do rozpoczęcia i zatrzymuje, gdy Sędzia Prowadzący woła YAME lub gdy upłynął czas walki.";1;"5.2 Pomiar czasu walki rozpoczyna się, gdy Sędzia Prowadzący daje sygnał do rozpoczęcia walki i jest zatrzymywany za każdym razem, gdy Sędzia Prowadzący zawoła „YAME” lub na sygnał zakończenia walki."
"Skład sędziowski w meczu Kumite obejmuje Sędziego Prowadzącego, czterech Sędziów Bocznych, Kontrolera Meczu i Sędziego prowadzącego zapis.";0;"4.1.1 Zespół Sędziowski do każdej walki składa się z jednego Sędziego Prowadzącego - SP(SHUSHIN), czterech Sędziów Bocznych – SB (FUKUSHIN) i jednego Kontrolera Meczu(KANSA), Kontrolera Punktacji, a jeśli jest używane Video Review także 2 KontrolerówVideo Review."
"Gdy jeden zawodnik poślizgnie się i upada nie dotykając tułowiem podłoża, a przeciwnik natychmiast zdobywa punkt, to za tą technikę otrzyma on Ippon.";1;"8.6. IPPON (3 punkty) jest przyznawane za kopnięcia JODAN lub jakąkolwiek technikę wykonaną na przeciwniku, którego jakakolwiek część ciała inna niż stopy ma kontakt z matą – z wyjątkiem Hiza-Gamae (Jedno kolano dotykające maty podczas wykonania techniki)."
"Trener zawodnika lub oficjalny przedstawiciel są jedynymi osobami, które mogą złożyć protest.";1;"13.1.2 Jeżeli procedura sędziowania wydaje się sprzeczna z przepisami, tylko Trener Zawodnika lub jego/jej oficjalny przedstawiciel mogą złożyć protest"
"Jeśli Sędzia Prowadzący nie słyszy sygnału końca walki, to Kontroler Meczu gwiżdże gwizdkiem.";0;"15.6.2 W przypadku, gdy Sędzia Prowadzący nie słyszał sygnału końca walki, Kontroler Punktacji gwiżdże gwizdkiem, nie Kansa."
"Zawodnicy muszą się ukłonić właściwie sobie tylko na początku walki.";0;"7.2 Dla każdej rundy odbędzie się ceremonia ukłonu, rozpoczynająca się od skierowania przez Sędziego Prowadzącego Zawodników i Sędziów Bocznych twarzą do publiczności i ukłonu SHOMEN NI REI, a następnie ukłonu do siebie nawzajem, OTAGAI NI REI. Na koniec walki (walk) ceremonia ukłonu odbywa się w odwrotnej kolejności."
"W meczach indywidualnych, zawodnik, który dobrowolnie wycofuje się z walki otrzymuje KIKEN, a 8 punktów jest przyznanych przeciwnikowi.";0;"6.2 Zawodnicy lub Drużyny, które nie stawiają się do walki po wywołaniu, zostaną zdyskwalifikowani (KIKEN) z tej kategorii. W rozgrywkach drużynowych zdobycz punktowa za walkę, która nie odbywa się, wynosi 8-0 (liczone jako YUKO) na korzyść Drużyny przeciwnej. W indywidualnym Round-Robin wynik walki będzie ustawiony na 4 0 (liczone jako YUKO)"
"Czujność jest stanem ciągłego zaangażowania, który trwa nadal po tym jak technika wylądowała.";1;"8.5. Utrzymywanie świadomości przeciwnika zarówno w trakcie, jak i po wykonaniu techniki (nieodwracanie się i nieprzewracanie się po wykonaniu techniki – chyba, że upadek jest spowodowany faulem przeciwnika)"
"Jeśli organizator obsługuje sprawdzenie stroju zawodników przed ustawieniem, nadal jest odpowiedzialnością KANSY zapewnić, że strój jest zgodny z przepisami.";1;"15.5.3 Przed rozpoczęciem każdego meczu lub walki Kontroler Meczu musi się upewnić, że sprzęt Zawodników i Karategi są zgodne z przepisami zawodów PUK. Nawet jeśli Asystent Kansy przeprowadza kontrolę sprzętu przed ustawieniem, KANSA nadal ponosi odpowiedzialność, by sprzęt był zgodny z przepisami przed każdą walką. Kontroler Meczu nie będzie podlegał rotacji podczas Meczu Drużynowego. W zawodach, gdzie Asystent Kansy nie jest wymagany jest odpowiedzialnością Kansy upewnienie się, że wyposażenie jest zgodności z przepisami przed każdą walką."
"Zawodnik, który pozostaje w obszarze pola walki, może zdobyć punkt na zawodniku poza obszarem pola walki.";1;"7.10.1. Gdy jeden lub obaj Zawodnicy znajdują się poza obszarem pola walki, ale z wyjątkiem umożliwienia Zawodnikowi natychmiastowego zdobycia punktu na 24 Wersja przepisów 2024.00 przeciwniku, który opuścił pole walki."
"ATOSHI BARAKU oznacza „pozostaje 15 sekund czasu walki”.";1;"ATO SHIBARAKU Zostało mało czasu Osoba mierząca czas wyda sygnał dźwiękowy 15 sekund przed faktycznym zakończeniem walki, a Sędzia Prowadzący ogłosi „ATO SHIBARAKU”"
"ATOSHI BARAKU oznacza „pozostaje 10 sekund czasu walki”.";0;"ATO SHIBARAKU Zostało mało czasu Osoba mierząca czas wyda sygnał dźwiękowy 15 sekund przed faktycznym zakończeniem walki, a Sędzia Prowadzący ogłosi „ATO SHIBARAKU”"
"„Dotyk skóry” na gardło jest dopuszczalny tylko w zawodach seniorów.";0;"9.1.1 Następujące zachowania są zabronione: 1. Techniki z nadmiernym kontaktem na strefy punktowane oraz techniki z kontaktem na gardło."
"Jeśli nie ma punktów na koniec walki w meczach drużynowych, Sędzia Prowadzący wezwie do HANTEI.";0;"12.2.5 Indywidualne walki nie mogą być uznane za remis, z wyjątkiem zawodów drużynowych lub zawodów Round- Robin, kiedy walka kończy się równymi punktami lub brakiem punktów i żaden z Zawodników nie uzyskał SENSHU, w którym to przypadku Sędzia Prowadzący ogłosi remis (HIKIWAKE)."
"Nadmierny kontakt, przy powtarzającym się niepowodzeniu bloku jest podstawą do rozważenia MUBOBI.";1;"10.4.14 Samo narażanie się: Ostrzeżenie lub kara za MUBOBI jest przyznawana, gdy Zawodnik jest uderzony lub kontuzjowany z własnej winy lub zaniedbania. Może to być spowodowane odwróceniem się plecami do przeciwnika, atakiem bez uwzględniania kontrataku przeciwnika, przerwaniem walki zanim Sędzia Prowadzący zawoła „YAME”, opuszczeniem gardy lub powtarzającym się niepowodzeniem lub odmową blokowania ataków przeciwnika."
"Zawodnik może być ukarany za wyolbrzymianie, nawet jeśli występuje kontuzja.";1;"10.4.4 Nadmierna reakcja na kontakt: Lekka nadmierna reakcja spowoduje przyznanie CHUI. Za oczywiste wyolbrzymianie będzie przyznane HANSOKU CHUI. Poważniejsze wyolbrzymianie, takie jak zataczanie się, upadek na podłogę, wstawanie i ponowne upadanie itd. może powodować otrzymanie HANSOKU bezpośrednio"
"SP ogłasza zwycięzcę „AO (AKA) NO KACHI” oraz jeśli konieczne, rozstrzyga remis w przypadku HANTEI.";1;"15.3.1 Uprawnienia Sędziego Prowadzącego są następujące: 10. Przeprowadzanie głosowania Sędziów Bocznych w przypadku remisu, a jeśli to konieczne głosowanie własne (HANTEI) w celu rozstrzygnięcia remisu. 11. Ogłaszanie zwycięzcy"
"W przypadku remisu pod koniec nierozstrzygającej walki Skład Sędziowski (Sędzia Prowadzący i czterech Sędziów Bocznych) rozstrzygną walkę przez HANTEI.";0;"12.2.5 Indywidualne walki nie mogą być uznane za remis, z wyjątkiem zawodów drużynowych lub zawodów Round-Robin, kiedy walka kończy się równymi punktami lub brakiem punktów i żaden z Zawodników nie uzyskał SENSHU, w którym to przypadku Sędzia Prowadzący ogłosi remis (HIKIWAKE)."
"Kiedy skład sędziowski podjął decyzję niezgodną z Przepisami Zawodów, Kontroler Meczu (KANSA) natychmiast zagwiżdże w gwizdek.";1;"15.5.1 Kontroler Meczu (KANSA) będzie asystował Menadżerowi Tatami, nadzorując toczącą sięwalkę lub mecz. Jeżeli decyzje Sędziego Prowadzącego i/lub Sędziów Bocznych nie będązgodne z Przepisami Zawodów, Kontroler Meczu natychmiast zasygnalizuje togwizdkiem."
"Zawodnik nie może być karany za bycie przytkanym (utrata oddechu na skutek techniki) lub po prostu reagując na uderzenie nawet jeśli technika przeciwnika zasługiwała na punkt.";1;"8.7 Techniki na obszar CHUDAN mogą być wykonywane z kontrolowanym uderzeniem bez powodowania obrażeń u przeciwnika. Utrata oddechu przez odbiorcę ciosu sama w sobie nie oznacza braku kontroli."
"W meczach drużynowych nie ma dodatkowej walki.";0;"12.4 Ustalanie zwycięzcy grupy i rozstrzyganie remisów w konkurencji Drużynowej - 9) Dodatkowa walka między jednym z członków każdej drużyny – jeśli konieczne decydowana przez HANTEI"
"Tylko pierwsza prawidłowo wykonana technika z kombinacji będzie punktowana.";0;"8.3 Tylko pierwsza prawidłowo wykonana technika z wymiany będzie punktowana, zwyjątkiem skutecznej kombinacji technik, w którym to przypadku liczy się technika znajwyższą wartością punktową, niezależnie od kolejności technik w kombinacji."
"Zawodnicy, którzy zjawiają się na polu walki w nieautoryzowanym sprzęcie lub nieprzepisowym Karate Gi otrzymają jedną minutę na poprawę stroju.";0;"2.2.22 Zawodnicy, którzy pojawiają się na polu walki w nieprzepisowym stroju, otrzymają dwie minuty czasu na uporządkowanie stroju."
"Zawodnikom, którzy są przytkani jako rezultat uderzenia należy dać czas na złapanie oddechu przed wznowieniem walki.";1;""
"JODAN jest opisany jako barki i obszar powyżej kości obojczykowej.";0;"8.4 Obszary punktacji to ciało powyżej miednicy, aż do obojczyka włącznie (CHUDAN), z wyłączeniem samych barków oraz obszar powyżej obojczyka (JODAN)."
"IPPON jest przyznawany za kopnięcia JODAN oraz dowolne techniki na przeciwniku, którego jakakolwiek część ciała inna niż stopy jest w kontakcie z TATAMI.";0;"8.6. IPPON (3 punkty) jest przyznawane za kopnięcia JODAN lub jakąkolwiek technikę wykonaną na przeciwniku, którego jakakolwiek część ciała inna niż stopy ma kontakt z matą – z wyjątkiem Hiza-Gamae (Jedno kolano dotykające maty podczas wykonania techniki)"
"HANSOKU-CHUI będzie przyznane za udawanie kontuzji.";0;"10.4.5 Udawanie kontuzji: Każdy przypadek udawania kontuzji, nieważne jak lekki, otrzyma minimalne ostrzeżenie CHUI, natomiast oczywisty pokaz udawania będzie powodował przyznanie HANSOKU CHUI. Poważniejsze udawanie, taka jak zataczanie się, upadek na podłogę, wstawanie i ponownie upadanie itd. będzie powodować bezpośrednio przyznanie SHIKKAKU. Jakiekolwiek udawanie kontuzji spowodowanej techniką, która w rzeczywistości została uznana przez sędziów za punkt, skutkuje co najmniej HANSOKU CHUI."
"HANSOKU będzie przyznane za pierwszy przypadek wyolbrzymiania kontuzji.";0;"10.4.5 Udawanie kontuzji: Każdy przypadek udawania kontuzji, nieważne jak lekki, otrzyma minimalne ostrzeżenie CHUI, natomiast oczywisty pokaz udawania będzie powodował przyznanie HANSOKU CHUI. Poważniejsze udawanie, taka jak zataczanie się, upadek na podłogę, wstawanie i ponownie upadanie itd. będzie powodować bezpośrednio przyznanie SHIKKAKU. Jakiekolwiek udawanie kontuzji spowodowanej techniką, która w rzeczywistości została uznana przez sędziów za punkt, skutkuje co najmniej HANSOKU CHUI."
"Utrata oddechu przez Zawodnika, który otrzymał uderzenie techniką CHUDAN wskazuje na brak kontroli.";0;"8.7 Techniki na obszar CHUDAN mogą być wykonywane z kontrolowanym uderzeniem bez powodowania obrażeń u przeciwnika. Utrata oddechu przez odbiorcę ciosu sama w sobie nie oznacza braku kontroli."
"Zawodnik może otrzymać HANSOKU bezpośrednio za wyolbrzymianie efektów kontuzji.";1;"10.4.4 Nadmierna reakcja na kontakt: Lekka nadmierna reakcja spowoduje przyznanie CHUI. Za oczywiste wyolbrzymianie będzie przyznane HANSOKU CHUI. Poważniejsze wyolbrzymianie, takie jak zataczanie się, upadek na podłogę, wstawanie i ponowne upadanie itd. może powodować otrzymanie HANSOKU bezpośrednio."
"Technika, nawet efektywna, wykonana po komendzie zatrzymania walki, nie będzie punktowana i może skutkować karą nałożoną na wykonującego.";1;"8.12 Technika jest nieważna, jeśli: 1. Jest wykonana po sygnale końca czasu walki lub po ogłoszeniu przez sędziego „YAME”."
" W zawodach kadetów kopnięcia JODAN mogą być wykonywane na „dotyk skóry” przy założeniu, że nie ma kontuzji.";1;"8.10 „Dotyk skóry” jest dozwolony w kategoriach dla Zawodników U18 (Juniorzy) i starsi (U21, Seniorzy). Dla kategorii wiekowych U16 (Junior Młodszy) dotyk skóry jest dozwolony tylko przy kopnięciach. Dotyk skóry definiuje się jako dotknięcie celu bez przekazywania energii do głowy lub ciała. Dla Zawodników U14 i młodsi żaden dotyk skóry jest dozwolony dla technik Jodan"
" Przed rozpoczęciem meczu lub walki Menadżer Tatami powinien sprawdzić karty medyczne zawodników.";0;""
" Jeśli występuje błąd w rozpisce zawodników i walczą niewłaściwi zawodnicy, to później nie może być to zmienione.";0;"3.7.8 Jeśli z powodu jakiegoś błędu w zapisie, walczyli niewłaściwi Zawodnicy, to bez względu na wynik - ta walka/mecz zostaje uznana/y za nieważną/y. W celu ograniczenia takich błędów, Kontroler Punktacji musi potwierdzić zwycięzcę do operatora technicznego natychmiast po rozegranej walce lub meczu."
" Technika efektywna wykonana w tym samym czasie, co sygnalizowany przez brzęczyk koniec walki, jest uznana za ważną.";1;"8.11 Prawidłowo wykonane techniki trafiające cel w momencie upłynięcia czasu są ważne."
" Jeśli zawodnik jest kontuzjowany i jest to uznane za jego własną winę (MUBOBI), Sędzia Prowadzący nie przyzna ostrzeżenia ani kary przeciwnikowi.";1;"Nie przyzna. Jeśli przyzna Kansa musi - 15.5.4 W następujących sytuacjach Kontroler Meczu zasygnalizuje gwizdkiem:Sędzia Prowadzący przyznaje punkt Zawodnikowi i MUBOBI drugiemu"
" KANSA nie ma głosu ani odpowiedzialności w sprawach osądu takich jak czy technika była do zaliczenia czy nie.";1;"15.5.5. KANSA nie ma prawa głosu ani władzy w sprawach decyzji, takich jak, czy punkt był ważny czy nie, chyba, że był błąd w stosowaniu przepisów."
" YUKO jest zawsze przyznawane za uderzenia TSUKI na plecy.";0;"YUKO (1 punkt) jest przyznawane za Tsuki (uderzenie proste ręką) lub Uchi (uderzenie okrężne ręką) w punktowany obszar"
" ” Dotyk skóry” jest dozwolony dla Zawodników w kategoriach 16 lat i wyżej.";1;"8.10 „Dotyk skóry” jest dozwolony w kategoriach dla Zawodników U18 (Juniorzy) i starsi (U21, Seniorzy). Dla kategorii wiekowych U16 (Junior Młodszy) dotyk skóry jest dozwolony tylko przy kopnięciach. Dotyk skóry definiuje się jako dotknięcie celu bez przekazywania energii do głowy lub ciała. Dla Zawodników U14 i młodsi żaden dotyk skóry jest dozwolony dla technik Jodan."
" Zawodnik, który nie jest posłuszny poleceniom Sędziego Prowadzącego otrzyma SHIKKAKU.";1;"10.3.1. SHIKKAKU może zostać przyznane, gdy Zawodnik nie wykonuje poleceń Sędziego Prowadzącego, działa złośliwie lub popełnia czyn godzący w prestiż i honor Karate"
" Kontroler Punktacji poleci Sędziemu Prowadzącemu zatrzymać mecz, jeśli zobaczy przekroczenie Przepisów Zawodów.";0;"Nie kontroler punktacji"
" Jeśli w kombinacji jedna technika zasługuje na YUKO, a druga zasługuję na karę, to oba będą przyznane.";0;"8.12 Technika jest nieważna, jeżeli: 4) Po którym następuje faul – z wyjątkiem JOGAI."
" ” Dotyk skóry” jest definiowany jako dotknięcie celu bez przekazania energii na głowę lub ciało.";1;"8.10. Dotyk skóry definiuje się jako dotknięcie celu bez przekazywania energii do głowy lub ciała."
" Nie jest możliwe zdobywanie punktów leżąc na ziemi.";0;"Jest możliwe"
" Zawodnik nie posiadający sprzętu zaaprobowanego przez WKF otrzyma dwie minuty na zmianę na sprzęt typu zaaprobowanego.";1;"2.2.25 Zawodnicy, którzy pojawiają się na polu walki w nieprzepisowym stroju, otrzymają dwie minuty czasu na uporządkowanie stroju."
" Zawodnik kontuzjowany w Kumite i wycofany na zasadzie 10 sekund nie może startować w konkurencji kata.";0;"11.2.4 Zasada 10 sekund: Każdy Zawodnik, który upadnie, zostanie rzucony lub powalony i nie stanie w pełni na nogach w ciągu dziesięciu sekund, jest uważany za niezdolnego do kontynuowania walki i zostanie automatycznie wycofany ze wszystkich konkurencji Kumite na tych zawodach"
" Kontuzjowany zawodnik, który został uznany przez Lekarza Zawodów za niezdolnego do walki, nie może już walczyć w tych zawodach.";1;"11.1.1 Kontuzjowany Zawodnik, który wygra walkę przez dyskwalifikację z powodu kontuzji, nie może ponownie walczyć w zawodach bez zgody lekarza zawodów."
" Jeśli zawodnik źle się zachowuje na polu walki po zakończeniu meczu lub walki, Sędzia Prowadzący nadal może przyznać SHIKKAKU.";1;"10.4.17 Niestosowanie się do instrukcji: Zawodnik, który odmówi wykonania poleceń Sędziego Prowadzącego lub wykaże utratę panowania nad sobą, automatycznie otrzyma SHIKKAKU. Kara ta może być nałożona przed, w trakcie lub po walce."
" Kontroler Meczu ma głos decydujący w przypadku SHIKKAKU.";0;"Nie kontroler Meczu"
" W meczach drużynowych mężczyzn, jeśli drużyna wygra trzy walki, to mecz uznaje się w tym momencie za skończony.";0;"12.5.4 W meczach drużynowych, gdy Drużyna wygrała wystarczającą liczbę walk lub zdobyła wystarczającą liczbę punktów, aby zostać uznanym zwycięzcą, wtedy mecz zostaje zakończony i dalsze walki nie będą miały miejsca, z wyjątkiem Round-robin gdzie wszystkie walki muszą być rozegrane."
" W meczach drużynowych kobiet, jeśli drużyna wygra dwie walki, to mecz uznaje się w tym momencie za skończony.";0;"12.5.4 W meczach drużynowych, gdy Drużyna wygrała wystarczającą liczbę walk lub zdobyła wystarczającą liczbę punktów, aby zostać uznanym zwycięzcą, wtedy mecz zostaje zakończony i dalsze walki nie będą miały miejsca, z wyjątkiem Round-robin gdzie wszystkie walki muszą być rozegrane."
" Jeśli zawodnik chwyta przeciwnika i nie wykonuje natychmiastowej techniki lub rzutu, to Sędzia Prowadzący zawoła” YAME”.";1;"7.10.W następujących sytuacjach Sędzia Prowadzący zawoła „YAME” i tymczasowo zatrzyma walkę: Gdy Zawodnik chwyta przeciwnika i nie wykonuje natychmiastowej techniki lub rzutu"
" Kiedy Sędzia Boczny nie jest pewny czy technika rzeczywiście dotarła do punktowanego obszaru, to może on sygnalizować punkt.";1;"8.13 Punkt może być zasygnalizowany, nawet jeśli Sędzia Boczny nie może zobaczyć faktycznego punktu uderzenia, jeśli sama technika jest wykonana prawidłowo i można zauważyć, że w oczywisty sposób nie było przeszkody w dotarciu techniki do celu."
" Zawodnik, który popełnia czyn, który godzi w prestiż i honor Karate-Do otrzyma HANSOKU.";0;"otrzyma Shikaku"
" Kiedy akcja zawodnika jest uznana za niebezpieczną i umyślnie narusza przepisy dotyczące zabronionego zachowania, to zawodnik otrzyma SHIKKAKU.";1;"10.3.1. SHIKKAKU może zostać przyznane, gdy Zawodnik nie wykonuje poleceń Sędziego Prowadzącego, działa złośliwie lub popełnia czyn godzący w prestiż i honor Karate"
" Prawidłowe techniki wykonane po sygnale końca walki są uznawane.";0;"8.12 Technika jest nieważna, jeśli: 1. Jest wykonana po sygnale końca czasu walki lub po ogłoszeniu przez sędziego „YAME”"
" Prawidłowe techniki wykonane w momencie lub po „WAKARETE” są uznawane.";0;"8.12 Technika jest nieważna, jeśli: 2. Wykonana w trakcie lub po „WAKARETE” przed wywołaniem „TSUZUKETE”"
" Punkt może być sygnalizowany nawet jeśli Sędzia Boczny nie może widzieć punktu trafienia.";1;"8.13 Punkt może być zasygnalizowany, nawet jeśli Sędzia Boczny nie może zobaczyć faktycznego punktu uderzenia, jeśli sama technika jest wykonana prawidłowo i można zauważyć, że w oczywisty sposób nie było przeszkody w dotarciu techniki do celu."
" Przy HANTEI, jeśli trzech sędziów Bocznych sygnalizuje zwycięstwo dla AKA, czwarty Sędzia Boczny sygnalizuje zwycięstwo dla AO, to Sędzia Prowadzący musi on przyznać zwycięstwo dla AKA.";1;"12.2.7 Decydując o wyniku walki przez głosowanie (HANTEI) na koniec nierozstrzygniętej walki, Sędzia Prowadzący przechodzi na granicę pola walki i woła „HANTEI”, po czym następuje dwutonowy sygnał gwizdkiem. Sędziowie Boczni sygnalizują swoje opinie, a Sędzia Prowadzący ogłasza zwycięzcę. Sędzia Prowadzący wskaże następnie zwycięzcę za pomocą sygnału ręką i komenda (AKA/AO NO KACHI), a także rozstrzygnie w ten sposób ewentualny remis."
" Pasywność nie może być przyznana komuś prowadzącemu na punkty lub przez SENSHU.";1;"10.4.15. Pasywności nie można udzielić podczas pierwszych lub ostatnich 15 sekund walki oraz zawodnikowi wygrywającemu w czasie walki (na punkty lub SENSHU)."
" Tylko Trenerowi wyznaczonemu do tej konkretnej walki wolno coachować i dawać wskazówki Zawodnikowi z miejsca przypisanego Trenerowi blisko pola walki.";1;"3.7.4 Do całego meczu Kumite może być wyznaczony tylko jeden Trener danej drużyny. Nie może się zmieniać Trener podczas walki kolejnego zawodnika z meczu"
" Jeśli zawodnik nie wraca do wyprostowanej postawy w ciągu 10 sekund, to Sędzia Prowadzący ogłosi  „KIKEN” i „KACHI” dla przeciwnika.";0;"11.2.4 Zasada 10 sekund"
" Jeśli zawodnik jest rzucony i ląduje częściowo poza polem walki, to Sędzia Prowadzący natychmiast zawoła „YAME”.";0;"7.10 Gdy jeden lub obaj Zawodnicy znajdują się poza obszarem pola walki, ale zwyjątkiem umożliwienia Zawodnikowi natychmiastowego zdobycia punktu na przeciwniku, który opuścił pole walki"
" Zawodnik nie może sygnalizować Trenerowi żądania zgłoszenia dla niego Video Review.";0;"9.1.6 Zawodnik może dyskretnie zasygnalizować Trenerowi prośbę, by zażądał Video Review"
" Zawodnicy powinni być badani przez lekarza na zewnątrz tatami.";1;"11.2.2 Jeśli jest to fizycznie możliwe, kontuzjowany Zawodnik powinien zostać skierowany pozamatę w celu zbadania i leczenia przez lekarza."
" KANSA zagwiżdże gwizdkiem, jeśli Sędziowie Boczni trzymają joystiki w niewłaściwych rękach.";1;"15.5.4 W następujących sytuacjach Kontroler Meczu zasygnalizuje gwizdkiem: 16. Sędzia Boczny trzyma flagi lub urządzenie elektronicznie w niewłaściwej ręce"
" Ochraniacze na zęby (szczęki) są obowiązkowe dla wszystkich zawodników Kumite.";1;"2.2.19 Sprzęt ochronny"
" Po rzucie Sędzia Prowadzący zezwala na maksimum dwie sekundy, w czasie których może być wykonana technika punktująca.";0;"7.6 Gdy jeden lub obaj Zawodnicy upadną lub zostaną rzuceni i żadnemu z Zawodników nie uda się natychmiast wykonać punktowanej techniki"
" Jeśli zawodnik punktuje mocnym kopnięciem bocznym, które wypycha zawodnika z pola walki, to  Sędzia Prowadzący powinien przyznać WAZA-ARI i dać przeciwnikowi ostrzeżenie lub karę za Jogai.";0;"10.4.13 Wyjście poza pole walki: JOGAI odnosi się do sytuacji, w której stopa Zawodnika lub jakakolwiek inna część ciała dotyka podłogi poza polem walki. Wyjątkiem jest sytuacja, gdy Zawodnik jest fizycznie wypchnięty lub rzucony poza pole walki przez przeciwnika lub opuszcza pole walki po zdobyciu punktu."
" Kiedy jest zgłaszany oficjalny protest, kolejne mecze muszą być opóźnione aż do podania wyniku protestu.";0;"13.1.5 Jeśli protest dotyczy Zawodników w toczącej się kategorii, następna runda, w której może uczestniczyć dany Zawodnik, musi zostać przełożona do czasu rozpatrzenia odwołania."
" Każdy Sędzia Boczny będzie usytuowany przy narożniku TATAMI.";0;"1.12 Każdy Sędzia Boczny (FUKUSHIN) będzie siedział w narożniku Tatami w strefie bezpieczeństwa."
" Gdy Sędzia Prowadzący przyznaje punkt za technikę, która spowodowała kontuzję Kontroler Meczu powinien zasygnalizować, żeby zatrzymać mecz.";0;"Nie powinien"
" Gdy Sędzia Prowadzący nie usłyszy gongu końca walki, to Sędzia operujący zapisem punktów powinien zagwizdać gwizdkiem.";0;"Nie sędzie operujący czasem - 15.5.5. W przypadku, gdy Sędzia Prowadzący nie usłyszy sygnału końca walki, Kontroler Punktacji gwiżdże gwizdkiem, nie KANSA"
" WAKARETE w celu przerwania klinczu może być ogłoszone w dowolnym momencie walki.";1;"WAKARETE - przerwanie klinczu - Aby przerwać klincz, używając tego samego gestu, który jest zwyczajowo stosowany przy zmuszaniu Zawodników do cofnięcia się z TATAMI, połączony z wydaniem komendy „WAKARETE”, by czasowo zatrzymać akcję bez zatrzymywania zegara. Zawodnicy muszą się rozdzielić – po czym wydawane jest polecenie „TSUZUKETE” na wznowienie akcji"
" Kiedy Sędzia Prowadzący chce przyznać SHIKKAKU, to może on zwołać Sędziów Bocznych na krótką konsultację.";1;"15.3.1 Uprawnienia Sędziego Prowadzącego są następujące: : 6. Ogłaszanie FUKUSHIN SHUGO (wezwanie Sędziów Bocznych), gdy w opiniiSędziego Prowadzącego jest konieczne przyznanie SHIKKAKU, lub mazastosowanie reguła 10 sekund, gdy lekarz chce przerwać walkę lubbezpośrednio przed przyznaniem HANSOKU"
" Kiedy zawodnik jest kontuzjowany w trakcie walki i wymaga pomocy lekarskiej otrzyma na to 3 minuty czasu, po których Sędzia Prowadzący zadecyduje, czy zawodnik zostanie ogłoszony za niezdolnego do walki, czy też będzie przyznane więcej czasu.";1;"11.2.3 Zawodnik, który jest kontuzjowany podczas trwającej walki i wymaga pomocy medycznej, będzie miał trzy minuty na jej otrzymanie. Menadżer Tatami jest odpowiedzialny za poinstruowanie osoby mierzącej czas o uruchomieniu odliczania 3 minut. Jeśli leczenie nie zostanie zakończone w wyznaczonym czasie, Sędzia Prowadzący zdecyduje, czy Zawodnik zostanie uznany za niezdolnego do walki, czy też zostanie przedłużony czas leczenia."
" Zawodnik, który wychodzi poza pole walki (JOGAI) w sytuacji, gdy do końca walki pozostało mniej niż 15 sekund, otrzyma minimum CHUI.";0;"10.4.16 Unikanie walki w ciągu ostatnich 15 sekund walki (ATO SHIBARAKU) powoduje przyznanie co najmniej HANSOKU CHUI i utratę SENSHU. "
" Aby skorygować werdykt przyznania punktu niewłaściwemu zawodnikowi, Sędzia Prowadzący powinien zwrócić się w kierunku zawodnika, któremu błędnie przyznał punkt, wykonać gest TORIMASEN i potem przyznać punkt przeciwnikowi.";1;"TORIMASEN Anulowanie Anulowanie decyzji. Sędzia Prowadzący krzyżuje ręce ruchem w dół"
" Jeśli zawodnik punktuje dobrze kontrolowanym CHUDAN Geri, a potem przypadkowo uderza przeciwnika w twarz powodując lekką kontuzję, powinny być przyznane WAZA-ARI i ostrzeżenie.";0;"8.12 Technika jest nieważna, jeżeli: 4) Po technice następuje faul – z wyjątkiem JOGAI."
" Kiedy kontuzjowany zawodnik otrzymywał pomoc lekarską i oficjalny lekarz mówi, że zawodnik może kontynuować walkę, to Sędzia Prowadzący nie może zmienić decyzji lekarza.";1;"11.1.1 Kontuzjowany Zawodnik, który wygra walkę przez dyskwalifikację z powodu kontuzji, nie może ponownie walczyć w zawodach bez zgody lekarza zawodów."
" Sędzia Prowadzący może zatrzymać walkę nawet jeśli Sędziowie Boczni nic nie sygnalizują.";1;"15.3.1 Uprawnienia Sędziego Prowadzącego"
" Po ogłoszeniu WAKARETE przez Sędziego Prowadzącego Trenerom nie przysługuje prawo zgłoszenia Video Review.";1;"14.15 Kiedy jest ogłoszone WAKARETE przez Sędziego Prowadzącego, Trenerzy nie mająmożliwości zgłaszania Video Review, chyba że technika wystąpiła zanim WAKARETEbyło ogłoszone."
" „Unikanie walki” odnosi się do sytuacji, w której zawodnik usiłuje przeszkodzić przeciwnikowi w uzyskaniu sposobności do uzyskania punktu poprzez zachowanie marnujące czas.";1;"10.4.16 Unikanie walki odnosi się do sytuacji, w której Zawodnik usiłuje uniemożliwić przeciwnikowi zdobycie punktów poprzez zachowanie marnujące czas, takie jak ciągłe wycofywanie się bez skutecznej kontry, trzymanie, klincz lub opuszczenie pola walki, zamiast dać przeciwnikowi szansę na zdobycie punktu. Unikanie walki w ciągu ostatnich 15 sekund walki (ATO SHIBARAKU) powoduje przyznanie co najmniej HANSOKU CHUI i utratę SENSHU."
" Gdy pozostało mniej niż 15 sekund do końca walki nie jest używane TSUZUKETE, chyba że nastąpiłoby po uprzednim WAKARETE.";1;"10.1.4 TSUZUKETE, o ile nie zostało poprzedzone WAKARETE, nie jest stosowane, jeśli do końcawalki pozostało mniej niż 15 sekund."
" Jeśli w meczach drużynowych dwóch zawodników kontuzjuje się wzajemnie i nie może kontynuować, a zdobycze punktowe są równe, to Sędzia Prowadzący ogłosi remis (HIKIWAKE).";0;"11.3.1 Jeśli dwóch zawodników będzie kontuzjowanych lub cierpią z powodu skutków wcześniej odniesionej kontuzji i Lekarz Zawodów uzna ich za niezdolnych do kontynuowania walki, walka zostaje zdecydowana w taki sposób, jak gdyby upłynął pełny czas walki."
" Gdy jest mniej niż 15 sekund do końca walki i przegrywający Zawodnik, próbując desperacko wyrównać, wychodzi poza pole walki (JOGAI), to otrzyma minimum HANSOKU-CHUI.";1;"10.4.16 Unikanie walki odnosi się do sytuacji, w której Zawodnik usiłuje uniemożliwić przeciwnikowi zdobycie punktów poprzez zachowanie marnujące czas, takie jak ciągłe wycofywanie się bez skutecznej kontry, trzymanie, klincz lub opuszczenie pola walki, zamiast dać przeciwnikowi szansę na zdobycie punktu. Unikanie walki w ciągu ostatnich 15 sekund walki (ATO SHIBARAKU) powoduje przyznanie co najmniej HANSOKU CHUI i utratę SENSHU."
" Techniki, które trafiają poniżej pasa nie mogą być punktowane.";0;""
" Techniki, które trafiają w łopatkę, mogą być punktowane.";1;"8.4 Obszary punktacji to ciało powyżej miednicy, aż do obojczyka włącznie (CHUDAN), z wyłączeniem samych barków oraz obszar powyżej obojczyka (JODAN)."
" Jeśli AKA przypadkowo kopie AO w biodro i AO nie może kontynuować walki, wtedy AO otrzyma KIKEN.";0;"10.4.2 Kontakt powodujący kontuzję: Każda technika, które powoduje kontuzję, może spowodować ostrzeżenie lub karę, o ile nie jest spowodowana przez poszkodowanego. Zawodnicy muszą wykonywać wszystkie techniki z kontrolą i dobrą formą. Jeśli nie umieją, to niezależnie od źle użytej techniki, ostrzeżenie lub kara muszą zostać nałożone."
" Jeśli zawodnik ewidentnie łapie z trudem oddech z powodu braku wytrzymałości, to Sędzia Prowadzący powinien zatrzymać mecz, by dać mu czas na dojście do siebie.";0;"Nie ma informacji na ten temat w przepisach"
" Zawodnik, który uzyskuje przewagę 8 punktów zostaje ogłoszony zwycięzcą.";1;"12.2.1 Wynik walki jest ustanawiany przez Zawodnika, który uzyskał wyraźną przewagę ośmiu punktów"
" Gdy kończy się czas walki, Zawodnik, który uzyskał więcej punktów jest ogłoszony zwycięzcą.";1;"7.8 Kiedy czas się skończył, Zawodnik, który ma więcej punktów, zostaje ogłoszony zwycięzcą, co wskazuje Sędzia Prowadzący podnosząc rękę po stronie zwycięzcy i ogłaszając „AO (AKA) NO KACHI”. Walka kończy się w tym momencie"
" Skądinąd prawidłowo wykonana technika będzie penalizowana, jeśli zostanie wykonana w tym samym czasie co komenda WAKARETE.";0;"8.12. Technka jest nieważna, jesli 2. Wykonana w trakcie lub po „WAKARETE” przed wywołaniem „TSUZUKETE”"
" Występują dwa poziomy oficjalnych ostrzeżeń.";1;"10.2.1 Istnieją dwa poziomy formalnych ostrzeżeń CHUI i HANSOKU"
" CHUI jest przyznawany do trzech razy za mniejsze naruszenia przepisów.";1;"10.2.1 Istnieją dwa poziomy formalnych ostrzeżeń CHUI -ostrzeżenie jest przyznawane, maksymalnie trzykrotnie, za mniejsze wykroczenia, które nie zmniejszają szans na wygraną drugiego Zawodnika"
" HANSOKU-CHUI nie może być przyznane, jeśli zostały już przyznane trzy CHUI.";0;"10.2.1. HANSOKU CHUI jest przyznawane za poważniejsze ostrzeżenie przed dyskwalifikacją w przypadku dalszych wykroczeń wykroczenia, które zmniejszają szanse drugiego Zawodnika na wygraną, lub Zawodnikowi za dalsze wykroczenia, jeśli trzy CHUI zostały już przyznane"
" Ostrzeżenie lub kara za MUBOBI jest przyznawana tylko wtedy, gdy zawodnik jest uderzony lub kontuzjowany z własnej winy lub przez swoje zaniedbanie.";1;"10.4.14 Samo narażanie się: Ostrzeżenie lub kara za MUBOBI jest przyznawana, gdy Zawodnik jest uderzony lub kontuzjowany z własnej winy lub zaniedbania."
" Zawodnik, który jest uderzony z własnej winy i wyolbrzymia efekt powinien otrzymać ostrzeżenie lub karę za MUBOBI lub za wyolbrzymianie, ale nie za oba wykroczenia.";0;"Może za oba"
" Jeśli zawodnik wykonuje dobre kopnięcie na CHUDAN i przeciwnik łapie nogę, to punkt nie może być przyznany.";0;"10.4.9 Złapanie kopnięcia: Jedynym przypadkiem, w którym można wykonać rzut, trzymając przeciwnika obiema rękami, jest złapanie kopiącej nogi przeciwnika. Trzymanie się obiema rękami jest dozwolone tylko wtedy, gdy chwyta się kopiącą nogę przeciwnika w celu wykonania obalenia oraz trzymając się nogi przeciwnika, a druga ręka chwyta Karategi lub ciało przeciwnika, by powstrzymać upadek."
" Zawodnik wykonuje kopnięcie na JODAN zgodnie z 6 kryteriami punktowania. Przeciwnik podnosi rękę, aby przechwycić kopnięcie i wtedy jego ręka uderza własną twarz, to Sędzia Prowadzący może dać IPPON, gdyż kopnięcie nie było efektywnie zablokowane.";0;"Technika spelnia kryteria"
" Drużyna męska może walczyć tylko z dwoma zawodnikami.";0;"3.6.3 Minimalny skład drużyny Mistrzostw Polski Seniorów: kobiety 3 + 1 dodatkowy, mężczyźni to 5 + 2 dodatkowych 3.6.4 Minimalny skład drużyny pozostałych zawodów: kobiety 3 + 1 dodatkowy, mężczyźni 3 + 1 dodatkowy."
" Autoryzowane reklamy dla WKF można umieszczać na lewym rękawie Karate-Gi.";1;"patrz: Zdjęcie, strona 8"
" Federacje Narodowe nie mogą umieszczać reklam na Karate-Gi zawodnika.";0;"Jest wyznaczone miejsce na emblemat Federacji Narodowej na Karate-Gi zawodnika"
" Zawodnik Kumite, który otrzymuje KIKEN nie może walczyć dalej w tym turnieju.";0;"6.4 Wycofanie przez KIKEN oznacza dyskwalifikację Zawodników z danej kategorii, co nie wpływa jednak na uczestnictwo w innej kategorii"
" Walka dodatkowa jest stosowana tylko w meczach drużynowych.";0;"Nie tylko np. - 12.3 Ustalanie zwycięzcy grupy Round-Robin i rozstrzyganie remisów w zawodach indywidualnych - ostatni punkt - 8) Dodatkowa walka pozwalająca na HANTEI"
" KANSA powinien zagwizdać gwizdkiem, kiedy Sędzia Prowadzący daje punkt jednemu zawodnikowi a MUBOBI drugiemu.";1;"15.5.4. W następujących sytuacjach Kontroler Meczu zasygnalizuje gwizdkiem: Sędzia Prowadzący przyznaje punkt Zawodnikowi i MUBOBI drugiemu"
" Poważne naruszenie postępowania, dyscypliny lub złośliwe zachowanie zasługuje na HANSOKU-CHUI.";0;"SHIKAKU -  Jest to dyskwalifikacja z całego turnieju, w tym z każdej kolejnej kategorii, w której sprawca mógł być zarejestrowany. SHIKKAKU może zostać przyznane, gdy Zawodnik nie wykonuje poleceń Sędziego Prowadzącego, działa złośliwie lub popełnia czyn godzący w prestiż i honor Karate."
" W międzynarodowych zawodach Sędzia Prowadzący nie może być tej samej narodowości, jak którykolwiek z zawodników, ale może jeden z sędziów bocznych, o ile obu Trenerów się zgodzi.";0;"W przepisach WKF - 4.1.2 Sędzia Prowadzący, Sędziowie Boczni, Kontroler Meczu, Kontroler Punktacji i 2 Kontrolerów Video Review walki Kumite nie mogą być tej samej narodowości4 ani z tej samej Narodowej Federacji, co walczący Zawodnicy, jak również nie mogą mieć żadnego konfliktu interesu. Obowiązkiem każdego Sędziego jest osobiste zgłaszanie wszelkich możliwych konfliktów interesów przed rozpoczęciem walki lub meczu."
" Kontroler Meczu (KANSA) ustawia się razem z Sędzią Prowadzącym i Sędziami Bocznymi.";0;"7.2 Dla każdej rundy odbędzie się ceremonia ukłonu, rozpoczynająca się od skierowania przez Sędziego Prowadzącego Zawodników i Sędziów Bocznych twarzą do publiczności i ukłonu SHOMEN NI REI, a następnie ukłonu do siebie nawzajem, OTAGAI NI REI. Na koniec walki (walk) ceremonia ukłonu odbywa się w odwrotnej kolejności."
" Trenerzy będą siedzieć na krzesłach na zewnątrz strefy bezpieczeństwa, po odpowiednich stronach pola walki twarzą do stolika sędziowskiego.";0;"1.7 Trenerzy będą siedzieć poza strefą bezpieczeństwa, po odpowiednich stronach Tatami w kierunku oficjalnego stolika. W przypadkach, gdy ustawienie Tatami sprawia, że usytuowanie Trenerów jest niepraktyczne może zmienić ich ustawienie po obu stronach oficjalnego stołu lub za swoimi zawodnikami (po bokach). Jeśli jest stosowane Video Review, należy zapewnić Kontrolerów Trenerów."
" KANSA nie musi reagować, jeśli Sędzia Prowadzący daje punkt jednemu zawodnikowi i wyolbrzymianie drugiemu.";0;"5.5.4. W następujących sytuacjach Kontroler Meczu zasygnalizuje gwizdkiem: ędzia Prowadzący punkt Zawodnikowi i ostrzeżenie za wyolbrzymianie drugiemu"
" W meczach drużynowych Skład Sędziowski będzie dokonywał rotacji przy każdej walce, przy założeniu, że wszyscy jego członkowie mają odpowiednią kwalifikację.";1;"4.4.5 W meczach drużynowych, przy spełnieniu warunku, że wszyscy Sędziowie posiadają wymagane kwalifikacje, będzie następować rotacja pozycji Sędziego Prowadzącego i Sędziów Bocznych przed każdą walką. Jeżeli jeden lub więcej Sędziów Bocznych nie posiada wymaganych kwalifikacji do prowadzenia walki jako Sędzia Prowadzący, pozostaną na swoich pozycjach jako Sędziowie Boczni i będą pomijani podczas rotacji."
" W meczach drużynowych Skład Sędziowski będzie dokonywał rotacji tylko w walkach o medale.";0;"4.4.5 W meczach drużynowych, przy spełnieniu warunku, że wszyscy Sędziowie posiadają wymagane kwalifikacje, będzie następować rotacja pozycji Sędziego Prowadzącego i Sędziów Bocznych przed każdą walką. Jeżeli jeden lub więcej Sędziów Bocznych nie posiada wymaganych kwalifikacji do prowadzenia walki jako Sędzia Prowadzący, pozostaną na swoich pozycjach jako Sędziowie Boczni i będą pomijani podczas rotacji."
" Sędzia Prowadzący może poruszać się po całym tatami, łącznie ze strefą bezpieczeństwa.";1;"1.12 Każdy Sędzia Boczny (FUKUSHIN) będzie siedział w narożniku Tatami w strefie bezpieczeństwa. Sędzia Prowadzący może poruszać się po całym Tatami, włączając strefę bezpieczeństwa, w której siedzą Sędziowie Boczni. Każdy Sędzia Boczny będzie wyposażony w czerwoną i niebieską flagę lub elektroniczne urządzenie sygnalizacyjne."
" Zawodniczki muszą posiadać ochraniacz na piersi.";0;"2.2.17 Następujący sprzęt ochronny jest obowiązkowy: Dodatkowo dla Zawodników kategorii U14 dopuszczone , ale nie obowiązkowe jestużywanie zatwierdzonego przez WKF kasku ochronnego i zewnętrznego ochraniaczaklatki piersiowej."
" Zawodniczki nie muszą posiadać ochraniacza na piersi, jeśli mają ochraniacz na korpus.";1;""
" Pasy czerwone i niebieskie nie mogą zawierać żadnych osobistych haftów ani oznaczeń.";1;"2.2.6 Zawodnicy lub Drużyny muszą nosić czerwony (AKA) lub niebieski pas (AO), zgodnie z losowaniem, bez osobistych haftów, reklam ani innych oznaczeń niż zwyczajowy znak producenta. Podczas walki nie mogą być noszone pasy oznaczające stopień."
" Kiedy sytuacja wydaje się zasługiwać na dyskwalifikację, Sędzia Prowadzący może wezwać jednego lub więcej sędziów na krótką konsultację (FUKUSHIN SHUGO) przed ogłoszeniem jakiejkolwiek decyzji.";1;"15.3.1 Uprawnienia Sędziego Prowadzącego są następujące: 6. Ogłaszanie FUKUSHIN SHUGO (wezwanie Sędziów Bocznych), gdy w opinii Sędziego Prowadzącego jest konieczne przyznanie SHIKKAKU, lub ma zastosowanie reguła 10 sekund, gdy lekarz chce przerwać walkę lub bezpośrednio przed przyznaniem HANSOKU."
" Zawodnicy muszą nosić białe Karate-Gi bez haftów osobistych.";1;"2.2.4 Zawodnicy lub Drużyny muszą nosić czerwony (AKA) lub niebieski pas (AO), zgodnie zlosowaniem, bez osobistych haftów, reklam ani innych oznaczeń niż zwyczajowy znakproducenta. Podczas walki nie mogą być noszone pasy oznaczające stopień."
" Osobiste wyhaftowania na Karate-Gi są dopuszczalne tylko w walkach o medale.";0;"2.2.1 Zawodnicy muszą nosić białe Karategi do karate bez pasków, lamówek lub osobistych haftów, inne niż wyraźne dozwolone przez Zarząd PUK"
" Jeśli kontakt jest uznany przez Sędziego Prowadzącego za zbyt mocny, ale nie zmniejsza szans Zawodnika na zwycięstwo, będzie przyznane ostrzeżenie (CHUI).";1;"10.2. CHUI ostrzeżenie jest przyznawane, maksymalnie trzykrotnie, za mniejsze wykroczenia, które nie zmniejszają szans na wygraną drugiego Zawodnika"
" Jakakolwiek technika skutkująca kontuzją, o ile nie jest spowodowana przez poszkodowanego powoduje ostrzeżenie lub karę.";1;"10.4.2 Kontakt powodujący kontuzję: Każda technika, które powoduje kontuzję, możespowodować ostrzeżenie lub karę, o ile nie jest spowodowana przez poszkodowanego.Zawodnicy muszą wykonywać wszystkie techniki z kontrolą i dobrą formą. Jeśli nieumieją, to niezależnie od źle użytej techniki, ostrzeżenie lub kara muszą zostać nałożone"
" Oczywista przesadna reakcja na kontakt otrzyma CHUI.";0;"10.4.4. Za oczywiste wyolbrzymianie będzie przyznane HANSOKU CHUI."
" Sędziowie Boczni nie mogą wskazywać punktu ani ostrzeżenia zanim Sędzia Prowadzący nie zatrzyma walki.";0;"15.4.1 Uprawnienia Sędziów Bocznych (FUKUSHIN) są następujące: 1. Wskazywanie punktów z własnej inicjatywy."
" Widoczne okazanie wyolbrzymiania otrzyma HANSOKU.";0;"10.4.4. Za oczywiste wyolbrzymianie będzie przyznane HANSOKU CHUI."
" Jakikolwiek wypadek udawania kontuzji, jakkolwiek lekki otrzyma minimalne ostrzeżenie CHUI.";1;"10.4.5 Udawanie kontuzji: Każdy przypadek udawania kontuzji, nieważne jak lekki, otrzyma minimalne ostrzeżenie CHUI, natomiast oczywisty pokaz udawania będzie powodował przyznanie HANSOKU CHUI. "
" Widoczne okazanie udawania takie jak zataczanie się, upadanie na ziemię, wstawanie i upadanie ponowne i tym podobne otrzyma bezpośrednio SHIKKAKU.";1;"10.4.5 Udawanie kontuzji: Każdy przypadek udawania kontuzji, nieważne jak lekki, otrzymaminimalne ostrzeżenie CHUI, natomiast oczywisty pokaz udawania będzie powodowałprzyznanie HANSOKU CHUI. Poważniejsze udawanie, taka jak zataczanie się, upadek napodłogę, wstawanie i ponownie upadanie itd. będzie powodować bezpośrednioprzyznanie SHIKKAKU. Jakiekolwiek udawanie kontuzji spowodowanej techniką, która wrzeczywistości została uznana przez sędziów za punkt, skutkuje co najmniej HANSOKUCHUI."
" Jakiekolwiek udawanie kontuzji na skutek techniki, która w rzeczywistości została określona przez sędziów jako punktowana będzie skutkować minimum HANSOKU-CHUI.";1;"Jakiekolwiek udawanie kontuzji spowodowanej techniką, która w rzeczywistości została uznana przez sędziów za punkt, skutkuje co najmniej HANSOKU CHUI"
" Jeśli zawodnik punktuje z więcej niż jedną techniką w kombinacji przed YAME, Sędziowie Boczni muszą wskazać technikę wyżej punktowaną niezależnie od kolejności tych technik.";1;"8.3 Tylko pierwsza prawidłowo wykonana technika z wymiany będzie punktowana, z wyjątkiem skutecznej kombinacji technik, w którym to przypadku liczy się technika z najwyższą wartością punktową, niezależnie od kolejności technik w kombinacji."
" W meczach drużynowych, jeśli po zakończeniu walki dodatkowej jest remis bez SENSHU lub brak punktów, to mecz zostanie rozstrzygnięty przez HANTEI.";0;"ZAŁĄCZNIK 6: TABELA PODSUMOWANIA KRYTERIÓW ZWYCIĘSTWA I ROZSTRZYGANIA REMISÓW"
" JOGAI występuje, gdy zawodnik wychodzi z pola walki i nie jest to spowodowane przez przeciwnika.";1;"9.1.1. Wyjście poza pole walki (JOGAI) nie spowodowane przez przeciwnika lub nie po zdobyciu punktu."
" Minimalnym ostrzeżeniem za uciekanie, unikanie walki lub marnowanie czasu podczas ATOSHI BARAKU jest HANSOKU-CHUI.";1;"10.4.16Unikanie walki odnosi się do sytuacji, w której Zawodnik usiłuje uniemożliwićprzeciwnikowi zdobycie punktów poprzez zachowanie marnujące czas, takie jak ciągłewycofywanie się bez skutecznej kontry, trzymanie, klincz lub opuszczenie pola walki,zamiast dać przeciwnikowi szansę na zdobycie punktu. Unikanie walki w ciągu ostatnich15 sekund walki (ATO SHIBARAKU) powoduje przyznanie co najmniej HANSOKU CHUI iutratę SENSHU."
"Oś obrotu przy rzucie nie może być ponad poziomem bioder rzucającego i przeciwnik musi być cały czas trzymany tak aby było możliwe bezpieczne lądowanie.";1;"10.4.8 Oś rzutu nie może znajdować się powyżej poziomu bioder rzucającego, a przeciwnikmusi być trzymany przez cały czas, aby można było bezpiecznie wylądować. Rzuty przezramię są wyraźnie zabronione, podobnie jak tak zwany rzuty „poświęcenia”."
"Trzymanie Karate Gi przeciwnika nie jest dozwolone, aby zrobić bezpieczny pad.";0;"10.4.12Trzymanie w celu powstrzymania upadku: trzymanie się Karategi przeciwnika jedną ręką jest dozwolone w celu amortyzacji upadku."
"KANSA nie musi reagować, jeśli Sędzia Prowadzący daje punkt za technikę wykonaną po końcu czasu walki.";0;"15.5.4 W następujących sytuacjach Kontroler Meczu zasygnalizuje gwizdkiem:7. Sędzia Prowadzący przyznaje punkt za technikę wykonaną po YAME lub poupływie czasu"
"YUKO ma wartość 1 punktu.";1;"8.6 Przy przyznawaniu punktów stosowana jest następująca skala: 1. YUKO (1 punkt) "
"WAZA-ARI ma wartość 2 punktów.";1;"8.6 Przy przyznawaniu punktów stosowana jest następująca skala: 2. WAZA-ARI (2 punkty)"
"IPPON ma wartość 3 punktów.";1;"8.6 Przy przyznawaniu punktów stosowana jest następująca skala: 3. IPPON (3 punkty)"
"Obowiązkiem Kontrolera Meczu jest upewnić się przed każdym meczem lub walką, że zawodnicy noszą zaaprobowany sprzęt.";1;"15.5.3 Przed rozpoczęciem każdego meczu lub walki Kontroler Meczu musi się upewnić, że sprzęt Zawodników i Karategi są zgodne z przepisami zawodów PUK. "
"Obowiązkiem Menadżera Tatami jest upewnić się przed każdym meczem lub walką, że zawodnicy noszą zaaprobowany sprzęt.";0;"15.5.3 Przed rozpoczęciem każdego meczu lub walki Kontroler Meczu musi się upewnić, że sprzęt Zawodników i Karategi są zgodne z przepisami zawodów PUK. "
"Trenerzy muszą przedstawić swoje identyfikatory razem z identyfikatorami zawodnika lub drużyny do stolika sędziowskiego.";0;"3.7.3 Trenerzy muszą okazać swoją akredytację wraz z akredytacją swojego Zawodnika lub Drużyny do Kontrolera Trenerów/Asystenta Kansy/Menadżera Tatami."
"WAZA-ARI jest przyznawane za kopnięcia na CHUDAN.";1;"8.6. WAZA-ARI (2 punkty) jest przyznawane za kopnięcia CHUDAN"
"YUKO jest przyznawane za dowolne TSUKI lub UCHI wykonane na dowolny z siedmiu obszarów punktowanych na zawodnika, który stoi lub który jest przewrócony nie mając tułowia na podłożu.";0;"UKO (1 punkt) jest przyznawane za Tsuki (uderzenie proste ręką) lub Uchi (uderzenie okrężne ręką) w punktowany obszar"
"IPPON jest przyznawane za kopnięcia na JODAN i techniki punktowane, wykonane na przeciwniku, który został rzucony, upadł sam lub w inny sposób znalazł się w pozycji leżącej z tułowiem dotykającym podłoża.";0;"8.6. IPPON (3 punkty) jest przyznawane za kopnięcia JODAN lub jakąkolwiek technikę wykonaną na przeciwniku, którego jakakolwiek część ciała inna niż stopy ma kontakt z matą – z wyjątkiem Hiza-Gamae (Jedno kolano dotykające maty podczas wykonania techniki)"
"Walki indywidualne nie mogą się kończyć remisem.";0;"12.2.5 Indywidualne walki nie mogą być uznane za remis, z wyjątkiem zawodów drużynowych lub zawodów Round- Robin, kiedy walka kończy się równymi punktami lub brakiem punktów i żaden z Zawodników nie uzyskał SENSHU, w którym to przypadku Sędzia Prowadzący ogłosi remis (HIKIWAKE)."
"Pasywność może być przyznana Zawodnikowi w dowolnym czasie.";0;"9.1.1. Pasywność – nieangażowanie się w walkę (nie może być przyznane w pierwszych 15 sekundach walki oraz gdy jest mniej niż 15 sekund do końca walki lub prowadzącemu w walce przez punkty lub SENSHU)"
"Pasywność nie może być przyznana w trakcie pierwszych 15 sekund walki.";1;"Pasywność – nieangażowanie się w walkę (nie może być przyznane w pierwszych 15 sekundach walki oraz gdy jest mniej niż 15 sekund do końca walki lub prowadzącemu w walce przez punkty lub SENSHU)"
"Symulowane ataki głową, kolanami lub łokciami są wykroczeniami.";1;"9.1.1 Następujące zachowania są zabronione: 15. Symulowane lub rzeczywiste ataki głową, kolanami lub łokciami."
"Unikanie walki w ciągu ostatnich 15 sekund walki (ATO SHIBARAKU) będzie skutkować minimum HANSOKU-CHUI i utratą SENSHU.";1;"10.4.16Unikanie walki odnosi się do sytuacji, w której Zawodnik usiłuje uniemożliwićprzeciwnikowi zdobycie punktów poprzez zachowanie marnujące czas, takie jak ciągłewycofywanie się bez skutecznej kontry, trzymanie, klincz lub opuszczenie pola walki,zamiast dać przeciwnikowi szansę na zdobycie punktu. Unikanie walki w ciągu ostatnich15 sekund walki (ATO SHIBARAKU) powoduje przyznanie co najmniej HANSOKU CHUI iutratę SENSHU."
"Główny trener delegacji może protestować odnośnie werdyktów do członków składu sędziowskiego.";0;"13.1.2 Jeżeli procedura sędziowania wydaje się sprzeczna z przepisami, tylko Trener Zawodnika lub jego/jej oficjalny przedstawiciel mogą złożyć protest."
"W Kumite dwie maty tatami są odwrócone czerwoną stroną do góry w odległości jednego metra od środka maty, by stworzyć granicę między zawodnikami.";1;"1.9 Dwa pola na macie są odwrócone czerwoną (lub w innym kolorze) stroną do góry, w odległości 1 metra od środka maty, by stworzyć przestrzeń rozdzielającą zawodników. W momencie rozpoczynania lub wznawiania waliki, zawodnicy będą stać naprzeciw siebie, na środku przedniej krawędzi tych mat."
"Wiązania bluzy muszą być zawiązane.";1;"2.2.8 Bluzy bez wiązań nie mogą być używane. Wiązania od bluzy muszą być zawiązane na początku walki. Jeśli są oderwane w trakcie walki, Zawodnik nie musi zmieniać bluzy."
"Na początku walki bluzy bez wiązań mogą być używane.";0;"2.2.8 Bluzy bez wiązań nie mogą być używane. Wiązania od bluzy muszą być zawiązane na początku walki. Jeśli są oderwane w trakcie walki, Zawodnik nie musi zmieniać bluzy."
"W konkurencji indywidualnej zawodnik może być zastąpionym innym, po odbyciu losowania.";0;"Nie może"
"W walkach o medale Trenerzy płci męskiej muszą nosić ciemny garnitur, koszulę i krawat.";1;"2.3.3 W przypadku walk o medale oficjalnych imprez PUK, jeżeli zostanie to określone wregulaminie zawodów oraz jeśli jest osobny blok finałowy, mężczyźni są zobowiązaninosić ciemny garnitur, buty okrywające stopy, koszulę i krawat, a kobiety mogą wybraćmiędzy sukienkę, spodniami z żakietem lub garsonką w ciemnych kolorach i buty."
"W walkach o medale Trenerki płci żeńskiej mogą wybrać pomiędzy sukienką, spodniami z marynarką lub kombinacją marynarki i spódnicy w ciemnych kolorach.";1;"2.3.3 W przypadku walk o medale oficjalnych imprez PUK, jeżeli zostanie to określone w regulaminie zawodów oraz jeśli jest osobny blok finałowy, mężczyźni są zobowiązani nosić ciemny garnitur, buty okrywające stopy, koszulę i krawat, a kobiety mogą wybrać między sukienkę, spodniami z żakietem lub garsonką w ciemnych kolorach i buty."
"W walkach medalowych coachowie płci żeńskiej nie mogą nosić religijnego nakrycia głowy.";0;"2.3.4 Ponadto dozwolone są następujące dodatki do stroju:b) Religijne nakrycie głowy typu aprobowanego przez WKF."
"Zawodnik, który odmawia wykonania poleceń Sędziego Prowadzącego lub demonstruję utratę panowania nad sobą automatycznie otrzyma HANSOKU.";0;"10.4.17 Niestosowanie się do instrukcji: Zawodnik, który odmówi wykonania poleceń Sędziego Prowadzącego lub wykaże utratę panowania nad sobą, automatycznie otrzyma SHIKKAKU. Kara ta może być nałożona przed, w trakcie lub po walce"
"Zawodnicy nie są uprawnieni do przerwy na wypoczynek między walkami o długości standardowego czasu trwania walki.";0;"5.5 Zawodnicy mają prawo do okresu wypoczynku pomiędzy walkami, o długości równej standardowemu czasowi walki. Wyjątkiem od tego jest przypadek zmiany koloru sprzętu, gdzie czas jest wydłużony do pięciu minut. Czas jest liczony od momentu ogłoszenia końca walki (NO KACHI / HIKIWAKE)"
"Pasywność nie może być przyznana, gdy jest mniej niż 15 sekund do końca walki";1;"9.1.1 Następujące zachowania są zabronione: : 10. Pasywność – nieangażowanie się w walkę (nie może być przyznane wpierwszych 15 sekundach walki oraz gdy jest mniej niż 15 sekund do końcawalki lub prowadzącemu w walce przez punkty lub SENSHU)."
"Każde nadmiarowe celebracje, takie jak padania na kolana itp., wyrażanie gestów politycznych lub religijnych podczas lub niezwłocznie po walce lub meczu są zabronione i mogą być przedmiotem kary równej opłacie za protest określonej przez Komitet Wykonawczy.";1;"10.5 Nadmierna celebracja, demonstracja polityczna lub religijna: od Zawodników oczekuje się przestrzegania ceremonii powitania przed i po walce lub meczu. Jakiekolwiek nadmierne celebrowanie, takie jak padanie na kolana itp. wyrażanie poglądów politycznych lub religijnych podczas lub bezpośrednio po walce lub meczu jest zabronione i może podlegać karze grzywny w wysokości określonej przez Komitet Wykonawczy za opłatę za protest"
"Jeśli Zawodnik otrzymuje KIKEN lub SHIKKAKU w rundach Round-robin wszystkie poprzednie walki są anulowane z wyników.";0;"10.7.2 Jeżeli Zawodnik otrzyma KIKEN lub SHIKKAKU, w zawodach Round-Robin wszystkiepoprzednie walki są anulowane, chyba, że jest to ostatnia zaplanowana walkazdyskwalifikowanego Zawodnika, kiedy to wynik walki jest zapisywany w zwykły sposóbbez konsekwencji wynikowych poprzednich walk."
"Chwytanie ramienia lub Karate-Gi przeciwnika jedną ręką jest tylko dozwolone w celu wykonania natychmiastowej techniki lub rzutu.";1;"10.4.11 Chwytanie jedną ręką: Zawodnik może chwycić ramię przeciwnika lub Karategi jedną ręką w celu wykonania rzutu lub bezpośredniej techniki punktowanej – ale nie może trzymać przy technikach kontynuujących."
"Chwytanie przeciwnika dwoma rękami nie jest nigdy dozwolone w trakcie meczu.";0;"10.4.9 Złapanie kopnięcia: Jedynym przypadkiem, w którym można wykonać rzut, trzymającprzeciwnika obiema rękami, jest złapanie kopiącej nogi przeciwnika. Trzymanie sięobiema rękami jest dozwolone tylko wtedy, gdy chwyta się kopiącą nogę przeciwnika wcelu wykonania obalenia oraz trzymając się nogi przeciwnika, a druga ręka chwytaKarategi lub ciało przeciwnika, by powstrzymać upadek."
"Odpowiedzialnością Menadżera Tatami jest wyznaczenie Kontrolera Video Review.";1;"15.2.1 Uprawnienia i obowiązki Menadżerów Tatami są następujące: 5. Wyznaczenie dwóch Sędziów z kwalifikacją PUK Referee A do pełnienia funkcji Kontrolerów Video Review."
"Jeśli liczba IPPON i WAZA-ARI jest równa, decyzja zostanie podjęta przez HANTEI.";0;"ZAŁĄCZNIK 6: TABELA PODSUMOWANIA KRYTERIÓW ZWYCIĘSTWA I ROZSTRZYGANIA REMISÓW"
"W każdej walce indywidualnej, z równym wynikiem i bez SENSHU któregokolwiek Zawodnika, pierwszym kryterium decyzji będzie wyższa liczba IPPON zdobytych w tej walce.";1;"12.2.3 W każdej walce indywidualnej, w której żaden z Zawodników nie zdobył żadnego punktulub wynik jest równy, a żaden z Zawodników nie ma „pierwszej niezrównoważonejprzewagi punktowej”, decyzja zostanie podjęta na podstawie następujących kryterióww podanej kolejności:a) Większa liczba IPPON zdobytych w walceb) Większa liczba WAZA-ARI zdobyta w walce"
"Jeśli jeden Zawodnik ma punkty wskazane przez więcej niż jednego Sędziego Bocznego i punktacja jest różna pomiędzy Sędziami, będzie zastosowana punktacja wyższa.";1;"12.1.3 Jeżeli jeden z Zawodników ma punkt wskazany przez więcej niż jednego Sędziego Bocznego, a punktacja jest różna między Sędziami Bocznymi, zostanie przyznany wyższy punkt. To samo dotyczy sytuacji, gdy na każdego Zawodnika przypada dwóch Sędziów Bocznych z różnymi punktami"
"Menadżer Tatami musi poinformować główny stolik, jeśli Zawodnik został odsunięty od dalszego udziału w konkurencji w oparciu o zasadę 10 sekund.";1;"11.2.4. Menadżer Tatami musi powiadomić stół centralny, gdy Zawodnik został zatrzymany z dalszych rozgrywek na podstawie zasady 10 sekund."
"Kontroler czasu jest odpowiedzialny za uruchomienie 3 minutowego odliczania dla zawodnika, który uległ kontuzji i wymaga interwencji lekarskiej.";0;"11.2.3 Menadżer Tatami jest odpowiedzialny za poinstruowanie osoby mierzącej czas o uruchomieniu odliczania 3 minut. "
"Sędzia Prowadzący zawoła YAME, jeśli zawodnik trzyma przeciwnika i nie wykonuje natychmiastowej techniki lub rzutu.";1;"7.10. W następujących sytuacjach Sędzia Prowadzący zawoła „YAME” i tymczasowo zatrzyma walkę: Gdy Zawodnik chwyta przeciwnika i nie wykonuje natychmiastowej techniki lub rzutu."
"Sędzia Prowadzący wskazuje zwycięzcę przez znak ręką i rozkaz (AKA/AO NO KACHI) i przez tą akcję rozwiązuje każdy remis.";0;"12.2.7 Sędzia Prowadzący wskaże następnie zwycięzcę za pomocą sygnału ręką i komenda (AKA/AO NO KACHI), a także rozstrzygnie w ten sposób ewentualny remis. ( wg mnie powinna być PRAWDA)"
"Jeśli zawodnik trzyma przeciwnika, Sędzia Prowadzący da kilka sekund zawodnikowi na wykonanie rzutu lub techniki.";0;"7.10. W następujących sytuacjach Sędzia Prowadzący zawoła „YAME” i tymczasowo zatrzyma walkę:  Gdy Zawodnik chwyta przeciwnika i nie wykonuje natychmiastowej techniki lub rzutu."
"Trener / Przedstawiciel Narodowej Federacji zażąda oficjalnego protestu od Menadżera Tatami.";1;"13.1.2 Jeżeli procedura sędziowania wydaje się sprzeczna z przepisami, tylko Trener Zawodnika lub jego/jej oficjalny przedstawiciel mogą złożyć protest"
"Sędzia Prowadzący może zatrzymać mecz i dać punkt bez opinii Sędziów Bocznych.";0;"Sam nie może. 8.1 Punkt jest przyznany Zawodnikowi, gdy dwóch lub więcej Sędziów Bocznych wskazuje punkt lub gdy obaj Kontrolerzy Video Review potwierdzą punkt, po zgłoszeniu przez Trenera Video Review."
"Jeśli Sędzia Prowadzący nie woła doktora w sytuacji zasady 10 sekund, KANSA musi zagwizdać gwizdkiem.";1;"15.5.4 W następujących sytuacjach Kontroler Meczu zasygnalizuje gwizdkiem: 14. Sędzia Prowadzący nie wzywa lekarza w przypadku zasady 10 sekund"
"Drużyna zwycięska to taka, która ma więcej zwycięstw w meczach, wyłączając te wygrane przez SENSHU.";0;"ZAŁĄCZNIK 6: TABELA PODSUMOWANIA KRYTERIÓW ZWYCIĘSTWA I ROZSTRZYGANIA REMISÓW"
"Czerwone i niebieskie pasy nie mogą być dłuższe niż 3/4 długości uda.";1;"2.2.7 Czerwone i niebieskie pasy muszą mieć po około szerokość 5 cm szerokości i długość wystarczającą, aby 15 cm pozostawało z każdej strony węzła, ale nie dłuższą niż 3/4 długości uda."
"Niepowodzenie Trenera / Przedstawiciela Narodowej Federacji w dostarczeniu protestu na czas może skutkować jego odrzuceniem.";1;"13.1.7 Niezłożenie protestu przez Trenera w terminie, może skutkować jego odrzuceniem, jeżeli takie opóźnienie w ocenie Komisji Odwoławczej jest bezzasadne i utrudnia przebieg zawodów."
"Właściwą karą za udawanie kontuzji, gdy sędziowie ustalili, że technika była de facto punktowana, jest HANSOKU.";0;"10.4.5 Udawanie kontuzji: Każdy przypadek udawania kontuzji, nieważne jak lekki,otrzyma minimalne ostrzeżenie CHUI, natomiast oczywiste pokaz udawania6 będziepowodował przyznanie HANSOKU CHUI. Poważniejsze udawanie7, taka jak zataczaniesię, upadek na podłogę, wstawanie i ponownie upadanie itd. będzie powodowaćbezpośrednio przyznanie SHIKKAKU. Jakiekolwiek udawanie kontuzji spowodowanejtechniką, która w rzeczywistości została uznana przez sędziów za punkt, skutkuje conajmniej HANSOKU CHUI."
"Informacja o oficjelach implikowanych w proteście jest uzupełniana przez Menadżera Tatami.";1;"13.1.8 Menadżer Tatami uzupełni wszelkie informacje dotyczące zaangażowanych Sędziów i natychmiast przekaże wypełniony formularz protestu przedstawicielowi Komisji Odwoławczej. "
"Dyskwalifikacja przez KIKEN oznacza, że jeden z zawodników jest zdyskwalifikowany z tej kategorii, chociaż nie wpływa to na jego udział w innej kategorii.";1;"6.4 Wycofanie przez KIKEN oznacza dyskwalifikację Zawodników z danej kategorii, co nie wpływa jednak na uczestnictwo w innej kategorii"
"Zawodnicy są upoważnieni do okresu odpoczynku pomiędzy walkami, równego przepisowemu czasowi trwania walki. Wyjątkiem jest przypadek zmiany koloru wyposażenia, gdzie ten czas jest wydłużony do pięciu minut.";1;"5.5 Zawodnicy mają prawo do okresu wypoczynku pomiędzy walkami, o długości równej standardowemu czasowi walki. Wyjątkiem od tego jest przypadek zmiany koloru sprzętu, gdzie czas jest wydłużony do pięciu minut."
"W każdej walce, jeśli po pełnym czasie walki wyniki punktowe są równe, ale jeden z zawodników uzyskał ‘pierwszą niezrównoważoną przewagę punktową’ (SENSHU), ten zawodnik zostanie ogłoszony zwycięzcą.";1;"12.2.1 Wynik walki jest ustanawiany przez Zawodnika, który uzyskał wyraźną przewagę ośmiupunktów, w momencie upłynięcia czasu mającego największą liczbę punktów, przyrównym wyniku mającego pierwszą niezrównoważoną przewagą punktową (SENSHU), uzyskanie decyzji przez HANTEI,  lub przez HANSOKU, SHIKKAKU, KIKEN nałożone naZawodnika."
"Przez ‘pierwszą niezrównoważoną przewagę punktową’ jest rozumiana sytuacja, w której jeden zawodnik uzyskał pierwszą punktowaną technikę na przeciwniku, bez jednoczesnego zdobycia punktowanej techniki przez przeciwnika przed sygnałem.";1;"12.2.2 Przez „pierwszą niezrównoważoną przewagę punktową” (SENSHU) rozumie się, że jeden z Zawodników zdobył pierwszy punkt na przeciwniku, bez zdobycia punktu przez przeciwnika przed sygnałem. "
"Kiedy dwóch zawodników punktuje przed sygnałem, żadna ‘pierwsza niezrównoważona przewaga punktowa’ nie jest przyznawana i obaj zawodnicy utrzymują możliwość zdobycia SENSHU w dalszym ciągu meczu.";1;"12.2.2 Przez „pierwszą niezrównoważoną przewagę punktową” (SENSHU) rozumie się, żejeden z Zawodników zdobył pierwszy punkt na przeciwniku, bez zdobycia punktu przezprzeciwnika przed sygnałem. W przypadkach, gdy obaj Zawodnicy zdobywają punktyprzed sygnałem i po dwóch Sędziów Bocznych wskazuje punkty dla każdego z dwóchZawodników nie przyznaje się „pierwszej niezrównoważonej przewagi punktowej” i obajZawodnicy zachowują możliwość SENSHU w dalszej walce."
"W sytuacji, gdy zawodnik upada, jest rzucony lub znokautowany i nie wraca natychmiast do postawy stojącej, Sędzia Prowadzący wezwie doktora i w tym samym czasie rozpocznie odliczanie do dziesięciu wskazując kolejny palec ręki co sekundę.";0;"zatrzyma walkę - 11.2.4. W przypadku, gdy Zawodnik upadnie, zostanie rzucony lub powalony i nie podniesie się natychmiast na nogi, Sędzia Prowadzący zatrzyma walkę, wezwie lekarza i jednocześnie rozpocznie słowne liczenie do dziesięciu w języku angielskim (dopuszczalne użycie języka polskiego na zawodach innych niż kategoria A), wskazując liczenie palcami na każdą sekundę. "
"Sygnał dźwiękowy będzie uruchamiany przez sędziego mierzącego czas na 15 sekund przed końcem walki, a Sędzia Prowadzący ogłosi „ATOSHI BARAKU”.";1;"ATO SHIBARAKU Zostało mało czasu Osoba mierząca czas wyda sygnał dźwiękowy 15 sekund przed faktycznym zakończeniem walki, a Sędzia Prowadzący ogłosi „ATO SHIBARAKU”"
"KANSA musi pozostać cicho, jeśli Sędzia Prowadzący daje ostrzeżenie lub karę za pasywność podczas ATOSHI BARAKU.";0;"15.5.4 W następujących sytuacjach Kontroler Meczu zasygnalizuje gwizdkiem: 9. Sędzia Prowadzący przyznaje ostrzeżenie lub karę za pasywność podczas ATO SHIBARAKU"
"W indywidualnych kategoriach walki mogą być zakończone remisem.";1;"np. w Round Robin 2.2.5 Indywidualne walki nie mogą być uznane za remis, z wyjątkiem zawodów drużynowych lub zawodów Round-Robin, kiedy walka kończy się równymi punktami lub brakiem punktów i żaden z Zawodników nie uzyskał SENSHU, w którym to przypadku Sędzia Prowadzący ogłosi remis (HIKIWAKE)."
"We wszystkich systemach zawodów Trener otrzyma jedną kartę do Video Review na Zawodnika.";0;"Nie we wszystkich"
"Przy Round-robin w grupach po czterech Trener otrzyma jedną kartę dla Video Review dla każdego uczestnika w fazie Round-robin.";1;"Patrz tabela na dole strony 40"
"Zawodnik może dyskretnie prosić Trenera o zażądanie Video Review.";1;"9.1.6 Zawodnik może dyskretnie zasygnalizować Trenerowi prośbę, by zażądał Video Review"
"Video Review może być żądana przez Trenera w przypadkach, gdy Sędziowie przyznali niższą punktację niż w opinii Trenera powinna być za wyżej punktowaną technikę.";1;"14.4. Trener może zażądać Video Review w przypadkach, gdzie Sędziowie Boczni przyznaliniższą notę, a w opinii Trenera powinna być zaliczona technika o wyższej punktacji."
"Kontroler Video Review może tylko przyznać punkty, jeśli akcja punktowana była wykonana przed lub jednocześnie z drugim Zawodnikiem.";1;"14.5. Kontrolerzy Video Review mogą przyznać punkty tylko wtedy, gdy obaj zgodzą się, żeZawodnik, dla którego zgłoszono żądanie, uzyskał ważny punkt, tj. punktowanie przedlub jednocześnie z innym Zawodnikiem"
"Zawsze będzie analizowane ostatnie 6 sekund od zatrzymania walki w celu zgłoszenia Video Review.";1;"14.7. Ostatnie 6 sekund przed zatrzymaniem walki z powodu żądania Video Review będziezawsze oceniane, ale dodatkowy czas może zostać dodany, jeśli uzna się to zakonieczne, aby podjąć najlepszą możliwą decyzję. Sekwencję należy przeglądać znormalną szybkością, ale można ją dodatkowo oglądać w zwolnionym tempie lub wpowiększeniu, jeśli konieczne. Ocena musi najpierw nastąpić przy pełnej szybkości, choćnastępnie zwolnione tempo może być użyte, aby ustalić szczegóły."
"Jeśli obaj Trenerzy żądają Video Review w tym samym czasie, Kontroler Video Review przyzna tylko punkt temu Zawodnikowi, którego uzna za pierwszego.";0;"14.9. Jeśli obaj Trenerzy żądają Video Review w tym samym czasie Kontrolerzy Video Reviewmogą przyznać punkt tylko temu, kto zdobędzie punkt jako pierwszy. Jedynymwyjątkiem są techniki jednoczesnego punktowania, w którym to przypadku punktymogą być przyznane obu Zawodnikom."
"Jednoczesne techniki punktowane mogą być przyznane obu Zawodnikom w Video Review.";1;"14.9 Jeśli obaj Trenerzy żądają Video Review w tym samym czasie Kontrolerzy Video Reviewmogą przyznać punkt tylko temu, kto zdobędzie punkt jako pierwszy. Jedynymwyjątkiem są techniki jednoczesnego punktowania, w którym to przypadku punktymogą być przyznane obu Zawodnikom."
"Kontroler Video Review nie może unieważnić żadnej decyzji Sędziów Bocznych za wyjątkiem SENSHU.";1;"14.12. Kontrolerzy Video Review nie mogą sprzeciwić się żadnej decyzji Sędziów Bocznych, zwyjątkiem SENSHU."
"Menadżer Tatami musi nadzorować, że KANSA zatrzymuje walkę w celu instruowania Sędziego Prowadzącego o wykroczeniu przeciw Przepisom Zawodów.";1;"15.2.1 Uprawnienia i obowiązki Menadżerów Tatami są następujące:3. Nadzorowanie zatrzymania walki przez KANSĘ w celu pouczenia SędziegoProwadzącego o naruszeniu Przepisów Zawodów."
"Sędzia Prowadzący wskazuje zauważone faule i nakłada ostrzeżenia i kary jakie są wymagane przez przepisy.";1;"15.3.1 Uprawnienia Sędziego Prowadzącego są następujące: : 7. Wskazywanie zaobserwowanych fauli oraz nakładanie ostrzeżeń i karzgodnie z przepisami."
"Sędzia Prowadzący rozstrzyga remisy w przypadku HANTEI.";1;"15.3.1 Uprawnienia Sędziego Prowadzącego są następujące: : 10. Przeprowadzanie głosowania Sędziów Bocznych w przypadku remisu, a jeśli tokonieczne głosowanie własne (HANTEI) w celu rozstrzygnięcia remisu."
"Zawsze jest odpowiedzialnością KANSY zapewnić, że sprzęt jest w zgodzie z przepisami przed każdą walką.";1;"15.5.3 Przed rozpoczęciem każdego meczu lub walki Kontroler Meczu musi się upewnić, żesprzęt Zawodników i Karategi są zgodne z przepisami zawodów PUK. Nawet jeśliAsystent Kansy przeprowadza kontrolę sprzętu przed ustawieniem, KANSA nadal ponosiodpowiedzialność, by sprzęt był zgodny z przepisami przed każdą walką. Kontroler Meczunie będzie podlegał rotacji podczas Meczu Drużynowego. W zawodach, gdzie AsystentKansy nie jest wymagany jest odpowiedzialnością Kansy upewnienie się, że wyposażeniejest zgodności z przepisami przed każdą walką."
"W przypadku, gdy Sędzia Prowadzący nie słyszy sygnału końca walki, KANSA zagwiżdże gwizdkiem.";0;"15.5.5 W następujących sytuacjach Kontroler Meczu nie będzie ingerował w decyzje PaneluSędziowskiego: 3. W przypadku, gdy Sędzia Prowadzący nie usłyszy sygnału końca walki,Kontroler Punktacji gwiżdże gwizdkiem, nie KANSA"
"W systemie sędziowania z dwójką Sędziów Bocznych, Sędziowie Boczni będą asystować Sędziemu Prowadzącemu sygnalizując JOGAI, nadmierny kontakt, i dotyk skóry w kategoriach, w których jest to wbrew przepisom.";1;"Załącznik 5. 2. Oprócz wskazywania punktów, Sędziowie Boczni będą pomagać Sędziemu Prowadzącemu, sygnalizując Jogai, nadmierny kontakt i dotyk skóry dla kategorii, gdzie jest to sprzeczne z przepisami, ale Sędzia Prowadzący zachowuje autonomię w stosowaniu ostrzeżeń i kar"
"W systemie sędziowania z dwójką Sędziów Bocznych, Sędzia Prowadzący pozostaje autonomiczny w stosowaniu ostrzeżeń i kar,";1;"Załącznik 5. 2. Oprócz wskazywania punktów, Sędziowie Boczni będą pomagać Sędziemu Prowadzącemu, sygnalizując Jogai, nadmierny kontakt i dotyk skóry dla kategorii, gdzie jest to sprzeczne z przepisami, ale Sędzia Prowadzący zachowuje autonomię w stosowaniu ostrzeżeń i kar"
"W systemie sędziowania z dwójką Sędziów Bocznych, jeśli dwóch Sędziów Bocznych lub jeden Sędzia Boczny i Sędzia Prowadzący wskazują różną punktację dla tego samego Zawodnika, będzie przyznana wyższa punktacja.";1;"Załącznik 5. 8. Jeśli dwóch Sędziów Bocznych lub jeden Sędzia Boczny i Sędzia Prowadzący pokazują różne punkty dla tych samych Zawodników, zostanie przyznany wyższy punkt."
"W systemie sędziowania z dwójką Sędziów Bocznych, jeśli dwóch Sędziów Bocznych lub jeden Sędzia Boczny i Sędzia Prowadzący wskazują różny poziom ostrzeżenia dla tego samego Zawodnika, będzie przyznane niższe. ";0;"Załącznik 5. 7. Jeśli jeden Sędzia Boczny sygnalizuje przyznanie punktu, a drugi ostrzeżenie lub karę, Sędzia Prowadzący podejmie ostateczną decyzję, wspierając jednego z Sędziów Bocznych."