Pytanie;Odp;Objasnienie
Członkowie drużyny Kata muszą nosić ten sam typ Karate Gi;F;2.2.2 Nie ma wymagania, aby członkowie Drużyny nosili tą samą markę Karate-gi.
Dopuszczalny łączny czas na wykonanie łącznej prezentacji Kata i BUNKAI wynosi sześć minut;F;3.5.7 Całkowity dozwolony czas na prezentację Kata i Bunkai wynosi 5 minut.
W konkurencji Kata są dopuszczalne niewielkie zmiany w Kata, zgodnie z nauczaniem stylu (Ryu-ha) zawodnika;P;5.3.2 Będą dozwolone niewielkie różnice jak nauczane w stylu Karate Zawodnika (Ryu-Ha)
Okulary są zabronione w konkurencji Kata.;P;"2.2.4 Okulary są zabronione. Miękkie soczewki kontaktowe mogą być noszone na własne ryzyko Zawodnika."
Jest dozwolona tylko jedna dyskretna gumka na włosach upiętych w „koński ogon”.;F;2.2.19 Wsuwki do włosów są zabronione, podobnie jak metalowe spinki do włosów. Wstążki, koraliki i inne ozdoby są zabronione. Dozwolona jest jedna lub dwie dyskretne gumki na włosach spiętych w koński ogon.
Prawo do rozstawienia nie zstępuje na niższe miejsca w przypadku nieobecności Zawodników, którym przysługuje rozstawienie.;F; 
Konkurencja Kata może być organizowana w kilku formatach.;P;3.3.1 Konkurencje Kata można zorganizować w różnych formatach:
We wszystkich formatach konkurencji liczba Zawodników nie może przekroczyć 8.;F; 
Sędziowie powinni zwracać uwagę na prawidłowy Kihon demonstrowanej szkoły.;F;5.3.2 Będą dozwolone niewielkie różnice jak nauczane w stylu Karate Zawodnika (Ryu-Ha).
Mecze drużynowe składają się rywalizacji pomiędzy drużynami 3 lub 4 zawodników, z których 3 rywalizuje w jednym momencie.;P;"3.5.1 Drużyny Kata składają się z 3 (zawody inne niż kategorii A) lub 3-4 Zawodników (zawody kategorii A), z których 3 rywalizuje w każdej rundzie. Gdy Drużyna składa się z 4 zawodników, w dowolnej rundzie można użyć dowolnych 3 Zawodników. Każda drużyna jest wyłączne męska lub wyłącznie żeńska"
Zgodność jest to spójność w wykonaniu Kihon stylu (Ryu-ha) w Kata.;P;7. Zgodność: Konsekwencja w wykonaniu KIHON
Jeśli wystąpi jakakolwiek niezgodność między numerem i nazwą Kata zgłoszonego do wykonania, będzie decydować nazwa jak na oficjalnej liście Kata WKF.;F;"6.3 Jeśli wystąpi jakakolwiek niezgodność między numerem i nazwą Kata rejestrowanego do wykonania, to decydujący będzie numer, tak jak na Liście Kata."
Kiedy drużyna ma 4 Zawodników, wszyscy 4 mogą być użyci do każdej rundy.;F;3.5.1 Drużyny Kata składają się z 3 (zawody inne niż kategorii A) lub 3-4 Zawodników (zawody kategorii A), z których 3 rywalizuje w każdej rundzie. Gdy Drużyna składa się z 4 zawodników, w dowolnej rundzie można użyć dowolnych 3 Zawodników. Każda drużyna jest wyłączne męska lub wyłącznie żeńska.
Dawanie komendy do rozpoczęcia i zakończenia Kata przez członka drużyny nie jest uważane za zewnętrzną wskazówkę.;F;"5.7.5 Użycie sygnałów dźwiękowych (od dowolnej innej osoby, w tym innych członków zespołu) lub teatralnych, takich jak tupanie nogami, uderzanie w klatkę piersiową, ramiona lub Karategi lub niewłaściwe oddychanie, musi być uznane przez Sędziów za bardzo poważne faule w ich ocenie wykonania Kata – na takim samym poziomie, na jakim karano by za chwilową utratę równowagi."
Maty muszą tworzyć powierzchnię jednolitego koloru w konkurencji Kata.;P;"1.1 Pole walki będzie kwadratem ułożonym z mat o bokach równych 8 metrów (mierzonych z zewnątrz), z matami w kolorze innym niż reszta mat na zewnętrznym jednometrowym obszarze, wyznaczającym granicę."
Sędziowie powinni zwracać uwagę na prawidłowy Kihon demonstrowanego stylu (Ryu-ha) zawodnika;F;5.3.2 Będą dozwolone niewielkie różnice jak nauczane w stylu Karate Zawodnika (Ryu-Ha).
Skład sędziowski może być zmieniony dla każdej pojedynczej rundy.;P;4.1 Na wszystkich oficjalnych zawodach PUK Panel Sędziów do Kata dla każdej rundy zostanie wyznaczony przez Menadżera Tatami.
Czas dopuszczalny na wykonanie Kata i BUNKAI razem wynosi 5 minut.;P;3.5.7 Całkowity dozwolony czas na prezentację Kata i Bunkai wynosi 5 minut.
W konkurencji Kata rękawy bluzy Karate-Gi nie mogą być podwinięte.;P;2.2.12 Rękawy bluzy nie mogą być podwinięte
Odpowiedzialnością Trenera lub zawodnika jest zgłoszenie nazwy i numeru Kata do stolika sędziowskiego przed każdą rundą.;F;6.2 Jest wyłączną odpowiedzialnością Trenera, lub w przypadku nieobecności Trenera, odpowiedzialnością Zawodnika lub Drużyny zapewnić, że Kata wskazywane Gońcowi (lub w przypadku nieobecności Sędziom) jest odpowiednie dla tej konkretnej rund
Liczba sędziów może być zmniejszona do pięciu dla każdej imprezy.;F;"4.6 Liczba Sędziów w Panelu Sędziowskim do Kata w zależności od zawodów: Zawody Kategorii A (decyzję podejmuje Sędzia Główny w porozumieniu z Zarządem PUK): o Mistrzostwa Polski Seniorów – 7 Sędziów o Pozostałe zawody – 5 lub 7 Sędziów"
Poprzednio wykonane Kata może być użyte tylko do rozstrzygnięcia remisu.;F; 
Spodnie Karate-Gi mogą być trochę krótsze, tak aby przykryć tylko połowę łydki.;F;"2.2.13 Spodnie muszą być wystarczająco długie, by zakryć co najmniej dwie trzecie podudzia i nie mogą sięgać poniżej kostki. Nogawki nie mogą być podwinięte"
Całkowity czas dopuszczalny dla wykonania łącznej prezentacji Kata i BUNKAI wynosi pięć minut.;P;3.5.7 Całkowity dozwolony czas na prezentację Kata i Bunkai wynosi 5 minut.
W przypadku gdy jest 3 lub mniej Zawodników jest wykonywane pojedyncze Kata dla określenia miejsc od pierwszego do trzeciego.;F; 
Sędziowie meczu Kata nie mogą być takiej samej narodowości jak którykolwiek z zawodników;F;Mogą
Chociaż wstążki i inne ozdoby nie są dozwolone w Kumite, to są one dozwolone w Kata.;F;"2.2.19 Wsuwki do włosów są zabronione, podobnie jak metalowe spinki do włosów. Wstążki, koraliki i inne ozdoby są zabronione. Dozwolona jest jedna lub dwie dyskretne gumki na włosach spiętych w koński ogon."
W walkach o medale konkurencji Kata drużynowego, drużyny wykonają prezentację znaczenia Kata (BUNKAI);P;"3.5.4 W walkach o medale kategorii Kata Drużynowego, Drużyny wykonują wybrane przez siebie
Kata w zwykły sposób. Następnie zaprezentują interpretację Kata (Bunkai). Bunkai na zawodach rankingowych nie dotyczy kategorii Masters oraz kategorii U14 i niższych."
Nie jest możliwe, aby powtarzać Kata systemie eliminacji Round-robin.;F; 
Dla zawodów nie wliczanych do Światowego Rankingu WKF lub kwalifikacji Olimpijskiej liczba sędziów może być ograniczona do 5.;F;"Zawody inne niż Kategoria A (decyzję podejmuje Sędzia Główny w porozumieniu z Kierownikiem Makroregionu): o 3 (tylko System Flagowy), 5 lub 7 Sędziów"
To samo Kata nigdy nie może być wykonane dwa razy z rzędu w systemie Round-robin.;P; 
Jeśli już zakwalifikowany Zawodnik jest zdyskwalifikowany za niewłaściwe zachowanie pod koniec rundy Round-robin (SHIKKAKU): Przeciwnik z półfinału przechodzi do finału wolnym losem.;F;3.7.8 Jeśli już zakwalifikowany Zawodnik/Drużyna indywidualny jest zdyskwalifikowany za niesportowe zachowanie na koniec rundy Round-Robin (SHIKKAKU), kolejny Zawodnik/Drużyna z grupy Round-Robin przechodzi do dalszej fazy.
Zawodniczki muszą nosić zwykły biały T-shirt pod bluzą Karate-Gi.;F;2.2.9 Kobiety Zawodniczki mogą nosić gładki biały T-shirt pod bluzą Karate-gi
Zawodniczki mogą, jeśli chcą, nosić zwykły biały T-shirt pod bluzą Karate-Gi.;P;2.2.9 Kobiety Zawodniczki mogą nosić gładki biały T-shirt pod bluzą Karate-gi
Noszenie nieautoryzowanych stroju lub sprzętu jest zabronione;P;"2.2.21 Zawodnicy, którzy pojawiają się na polu walki w nieprzepisowym stroju, otrzymają dwie minuty czasu na uporządkowanie stroju."
Dyskretna gumka lub uchwyt do włosów ułożonych w „koński ogon” są dopuszczalne w konkurencji Kata;F;2.2.19 Wsuwki do włosów są zabronione, podobnie jak metalowe spinki do włosów. Wstążki, koraliki i inne ozdoby są zabronione. Dozwolona jest jedna lub dwie dyskretne gumki na włosach spiętych w koński ogon.
Pole walki musi mieć rozmiar wystarczający, aby pozwolić na niezakłócone wykonanie Kata.;F;W przepisach nie ma informacji na ten temat. 
Pola walki do Kumite zbudowane z mat są nieodpowiednie dla konkurencji Kata;F;"Są odpowiedne - 1.1 Pole walki będzie kwadratem ułożonym z mat o bokach równych 8 metrów (mierzonych z zewnątrz), z matami w kolorze innym niż reszta mat na zewnętrznym jednometrowym obszarze, wyznaczającym granicę. 1.4 Dodatkowo, z każdej strony pola walki będzie wyznaczona minimum jednometrowa pokryta matą strefa bezpieczeństwa."
Bluza Karate-Gi może być zdjęta w trakcie wykonania Kata;F;Nie może. Musi mieć wiązania a pas nie może upaść
Sygnały dźwiękowe są na tym samym poziomie, jak ukarana zostałaby chwilowa utrata równowagi.;P;Sygnały dźwiękowe to Faule a chwilowa utrata równowagi jeżei nie tak samo jak 5.7.2 Niewielka utrata równowagi - to Dyskwalifikacja: Konieczność wykonania korygującego kroku dla powrotu z całkowitej utraty równowagi lub upadku
Zmiany w Kata, zgodne z nauczaniem stylu (Ryu-ha) Karate zawodnika, nie będą dozwolone;F;5.3.2 Będą dozwolone niewielkie różnice jak nauczane w stylu Karate Zawodnika (Ryu-Ha).
Wybór Kata musi być zgłoszony do stolika sędziowskiego przed każdą rundą.;F;wskazywane Gońcowi
Drużyna, która nie wykona ukłonu po zakończeniu BUNKAI zostanie zdyskwalifikowana;P;"5.3.1 Prezentacja oceniana jest od ukłonu rozpoczynającego Kata do ukłonu kończącego Kata, z wyjątkiem Drużynowych meczy medalowych, gdzie wykonanie, jak również pomiar czasu, rozpoczyna się ukłonem na początku Kata i kończy się, gdy Zawodnicy ukłonią się po zakończeniu Bunkai (o ile Bunkai jest wymagane). 5.8 Dyskwalifikacja - dla kategorii U14 i starsi a) Brak ukłonu na początku i na końcu wykonania Kata (3.5.4 Bunkai na zawodach rankingowych nie dotyczy kategorii Masters oraz kategorii U14 i niższych)"
Liczba wymaganych Kata zależy od liczby zawodników lub drużyn zgłoszonych do konkurencji;P;5.2. Lista wymaganych Kata
Jeśli już zakwalifikowany Zawodnik jest zdyskwalifikowany za nieprawidłowe zachowanie pod koniec rundy Round-robin (SHIKKAKU), zostanie przyznany brązowy medal.;F; 
Przy ocenie wykonania zawodnika lub drużyny, Sędziowie będą oceniać wykonanie w oparciu o wszystkie kryteria.;P;5.7 Kryteria oceny
Nie ma specjalnych różnic dla osób poniżej 14 roku życia w stosunku do standardowych przepisów, ale może być stosowane ograniczenie listy Kata do Kata mniej zaawansowanych.;P;5.1.1 W kategoriach U14 do seniora, można wykonać tylko Kata z oficjalnej listy Kata WKF
Spowodowanie kontuzji, poprzez brak kontroli technik podczas BUNKAI jest traktowane jako faul.;P;5.7 Faule : 5.7.8 Spowodowanie kontuzji przez brak kontrolowanej techniki podczas Bunkai
Przy walkach medalowych żaden z Sędziów nie może być tej samej narodowości co Zawodnicy.;P;6.4 W walkach o medale żaden z Sędziów nie może być tej samej narodowości, co Zawodnicy, ani nie mieć żadnego innego rodzaju konfliktu interesów, takiego jak ten sam kraj zamieszkania, więzy rodzinne, w tym teściowie lub relacje Zawodnik/Trener.
Wykonania otrzymują ocenę wg skali od 5.0 do 10.0 w przyrostach co 0.1.;P;"5.5.1 Prezentacje są oceniane w skali od 5.0 do 10.0 w odstępach co 0.1 – gdzie 5.0 oznacza najniższą możliwą ocenę dla Kata, które zostało zaakceptowane jako wykonane, a 10.0 oznacza doskonałe wykonanie. Dyskwalifikacja wskazywana jest przez wynik 0.0."
Rzut monetą jest pierwszym kryterium, aby rozstrzygnąć remisy.;F;"3.7.4 Zwycięzca oraz wicelider każdej puli są określani przez większość wygranych walk/meczy. Jeśli liczba zwycięstw jest równa to remis będzie rozstrzygany na podstawie następujących kryteriów: 1. Większa liczba punktów za zwycięstwo zdobytych we wszystkich walkach 2. Zwycięzca bezpośredniej walki między 2 zawodnikami/drużynami, jeśli jest remis 3. Wykonanie dodatkowego Kata dla zawodników pozostających w remisie. 3.7.5 Dla każdego przypadku remisu powrót do kryterium 2"
Jest sześć sposobów, aby rozstrzygnąć remis w Systemie eliminacji Round-Robin z 4 Zawodnikami.;F;Jest 5 sposobów, nie 6
Siła jest jednym z kryteriów oceny.;P;"5.7 Kryteria oceny Wykonanie Kata
 1. Pozycje
 2. Techniki
 3. Przemieszczanie się
 4. Timing i synchronizacja
 5. Właściwe oddychanie
 6. Skupienie (KIME)
 7. Zgodność: Konsekwencja
 w wykonaniu KIHON
 8. Siła
 9. Szybkość
 10. Balans"
Jest sześć sposobów, aby rozstrzygnąć remis w Systemie eliminacji z 8 Zawodnikami.;F;Jest 5 sposobów, nie 6
Jest 10 kryteriów oceny Kata.;P;"5.7 Kryteria oceny Wykonanie Kata
 1. Pozycje
 2. Techniki
 3. Przemieszczanie się
 4. Timing i synchronizacja
 5. Właściwe oddychanie
 6. Skupienie (KIME)
 7. Zgodność: Konsekwencja
 w wykonaniu KIHON
 8. Siła
 9. Szybkość
 10. Balans
"
Przejścia są jednym z kryteriów oceny dla wykonania Kata, ale nie dla wykonania BUNKAI.;P;patrz: 5.7. Kryteria oceny 
W wykonaniu BUNKAI, przejścia i kontrola są częścią oceny.;P;5.7 Kryteria oceny 3. Przemieszczanie się 5. Kontrola
Siła, Szybkość i Równowaga są niektórymi kryteriami oceny dla Kata i BUNKAI;P;5.7 Kryteria oceny
Symulowana nieprzytomność przez więcej niż 2 sekundy naraz jako część BUNKAI jest uważana za faul.;P;5.7 Faule : 5.7.9 Symulowana utrata przytomności przez ponad 2 sekundy w ramach Bunkai
BUNKAI ma tą samą wagę jak samo Kata.;P;"5.4.3 (wkf) Bunkai są wykonywane w walkach o medale i należy dać im równą ważność jak samemu Kata."
Nadmierne kłanianie przed startem wykonania jest uważane za faul.;P;"5.9 Faule - Następujące faule, jeśli są widoczne, muszą być wzięte pod uwagę: 5.9.7 Marnowanie czasu, w tym przedłużone maszerowanie, nadmierne kłanianie się lub przedłużająca się pauza przed rozpoczęciem prezentacji."
Spowodowanie kontuzji poprzez brak kontroli technik podczas BUNKAI spowoduje dyskwalifikację zawodnika.;F;5.9 Faule - Następujące faule, jeśli są widoczne, muszą być wzięte pod uwagę: 5.9.8 Spowodowanie kontuzji przez brak kontrolowanej techniki podczas Bunkai.
Brak zapowiedzi Kata nie powoduje dyskwalifikacji.;F;"5.8 Dyskwalifikacja : a) Brak zapowiedzi Kata, zapowiedź niewłaściwego Kata – lub wykonanie innego Kata niżwcześniej zgłoszone do oficjalnego stolika"
Wykonanie niewłaściwego Kata lub zapowiedź niewłaściwego Kata prowadzi do dyskwalifikacji.;P;"5.8 Dyskwalifikacja : a) Brak zapowiedzi Kata, zapowiedź niewłaściwego Kata – lub wykonanie innego Kata niżwcześniej zgłoszone do oficjalnego stolika"
Tupanie stopami, poklepywanie w klatkę piersiową, ręce lub Karate-Gi, będzie brane pod uwagę przez Sędziów podczas podejmowania decyzji.;P;"to Faule : 5.7.5 Użycie sygnałów dźwiękowych (od dowolnej innej osoby, w tym innych członków zespołu) lub teatralnych, takich jak nieuzasadnione tupanie nogami, uderzanie w klatkę piersiową, ramiona lub Karate-gi, jeżeli nie wynika to bezpośrednio z wykonywanej techniki (muchimi) lub niewłaściwe oddychanie, musi być uznane przez Sędziów za bardzo poważne faule w ich ocenie wykonania Kata – na takim samym poziomie, na jakim karano by za chwilową utratę równowagi."
Zawodnik nie zostanie zdyskwalifikowany, jeśli zrobi w wykonaniu Kata wyraźną przerwę lub przystanek na kilka sekund.;F;"5.8 Dyskwalifikacja:  c) Wyraźna pauza lub zatrzymanie w wykonaniu (dla kategorii U12 i starsi, w kategoriach U10 należy dać możliwość powtórzenia Kata od początku, bez wpływu na ocenę wykonania Kata)."
Do BUNKAI nie powinno się przykładać takiej samej wagi jak do samego Kata.;F;"5.4.3 (wkf) Bunkai są wykonywane w walkach o medale i należy dać im równą ważność jak samemu Kata."
Kata musi być rozpoczęte twarzą do sędziów.;P;5.8 Dyskwalifikacja : Nierozpoczęcie Kata twarzą do Sędziów
Używanie dźwiękowych sygnałów przez jakąkolwiek inną osobę, włączając innych członków drużyny jest uznawane za faul.;P;to Faule : 5.7.5 Użycie sygnałów dźwiękowych (od dowolnej innej osoby, w tym innych członków zespołu)
Jeśli pas zawodnika upada w trakcie wykonania Kata, to zawodnik zostaje zdyskwalifikowany.;P;5.8 Dyskwalifikacja: 5.8.2 Tylko dla kategorii U14 i starsi c) Upadek pasa podczas prezentacji
Nieprzestrzeganie poleceń Sędziego Prowadzącego lub inne niewłaściwe zachowanie jest uznawane za faul.;F;"5.8 Dyskwalifikacja : g) Niestosowanie się do poleceń Sędziego Głównego Kata lub inne wykroczenie (SHIKKAKU)"
Nieprzestrzeganie poleceń Sędziego Prowadzącego lub inne niewłaściwe zachowanie prowadzi do dyskwalifikacji.;P;"5.8 Dyskwalifikacja : g) Niestosowanie się do poleceń Sędziego Głównego Kata lub inne wykroczenie (SHIKKAKU)"
Przekroczenie całkowitego limitu 5 minut dla czasu trwania Kata i BUNKAI jest uznawane za faul.;F;5.8 Dyskwalifikacja : e) Przekroczenie łącznego limitu czasu trwania 5 minut dla Kata i Bunkai
W Kata drużynowym, wszyscy trzej członkowie drużyny muszą rozpocząć i skończyć Kata stojąc w tym samym kierunku i twarzą do Sędziego Prowadzącego.;F;Muszą rozpocząć Kata stojąc w tym samym kierunku i twarzą do Sędziego Prowadzącego (inaczej dyskwalifikacja - 5.10.1  b) Nierozpoczęcie Kata twarzą do Sędziów.) ale nie muszą skończyć 
Wykonanie Kata musi być realistyczne w rozumieniu walki i pokazywać koncentrację, siłę i potencjał uderzenia w swoich technikach.;P;"3.1.1 Kata to nie taniec lub teatralne przedstawienie. Musi przestrzegać tradycyjnych wartości i zasad. Musi być realistyczne pod względem walki i wykazywać koncentrację, siłę i potencjałuderzenia w swoich technikach. Musi demonstrować siłę, moc i szybkość, jak również wdzięk, rytm i równowagę."
Spowodowanie kontuzji poprzez brak kontroli w technikach podczas BUNKAI nie jest uznawane za faul;F;"5.9 Faule - Następujące faule, jeśli są widoczne, muszą być wzięte pod uwagę: 5.9.8 Spowodowanie kontuzji przez brak kontrolowanej techniki podczas Bunkai."
Lekka utrata równowagi nie może wpłynąć na ocenę wykonania Kata.;F;5.7 Faule : 5.7.2 Niewielka utrata równowagi.
Przekroczenie całkowitego limitu 5 minut dla czasu trwania Kata i BUNKAI prowadzi do dyskwalifikacji.;P;5.8 Dyskwalifikacja : e) Przekroczenie łącznego limitu czasu trwania 5 minut dla Kata i Bunkai
Wykonanie Kata musi prezentować siłę, równowagę i szybkość.;P;"5.7 Kryteria oceny Wykonanie Kata: 8. Siła 9. Szybkość 10. Balans"
Lekka utrata równowagi musi mieć wpływ na ocenę wykonania Kata.;P;5.7 Faule : 5.7.2 Niewielka utrata równowagi.
Ruch asynchroniczny, taki jak wykonanie techniki przed zakończeniem przemieszczenia ciała, jest uznawane za faul.;P;"5.7 Faule : 5.7.4 Asynchroniczne ruchy, takie jak wykonanie techniki przed zakończeniem przejścia ciała lub w przypadku Kata Drużynowego, niewykonanie ruchu zgodnie."
Niewłaściwy wydech będzie brany pod uwagę przez Sędziów przy podejmowaniu decyzji.;P;"5.7 Faule : 5.7.5 Użycie sygnałów dźwiękowych (od dowolnej innej osoby, w tym innych członków zespołu) lub teatralnych, takich jak nieuzasadnione tupanie nogami, uderzanie w klatkę piersiową, ramiona lub Karate-gi, jeżeli nie wynika to bezpośrednio z wykonywanej techniki (muchimi) lub niewłaściwe oddychanie, musi być uznane przez Sędziów za bardzo poważne faule w ich ocenie wykonania Kata – na takim samym poziomie, na jakim karano by za chwilową utratę równowagi."
W Kata drużynowym, brak synchronizacji ruchów nie jest uznawany za faul.;F;"5.7 Faule : 5.7.4 Asynchroniczne ruchy, takie jak wykonanie techniki przed zakończeniem przejścia ciała lub w przypadku Kata Drużynowego, niewykonanie ruchu zgodnie."
Wykonywanie ruchu w sposób nieprawidłowy lub niekompletny jest uważane za faul.;P;"5.7 Faule : 5.7.3 Wykonanie ruchu w nieprawidłowy lub niekompletny sposób, np. niewykonanie pełnego bloku lub uderzenie poza cel."
Marnowanie czasu, włączając wydłużone maszerowanie, nadmierne kłanianie się lub wydłużona pauza przed rozpoczęciem wykonania są uznawane za faul.;P;"5.7 Faule: 5.7.7 Marnowanie czasu, w tym przedłużone maszerowanie, nadmierne kłanianie się lub przedłużająca się pauza przed rozpoczęciem prezentacji."
Tupanie stopami, uderzanie klatki piersiowej, ramion lub Karate-Gi są sygnałami dźwiękowymi.;P;"5.7.5 Użycie sygnałów dźwiękowych (od dowolnej innej osoby, w tym innych członków zespołu) lub teatralnych, takich jak nieuzasadnione tupanie nogami, uderzanie w klatkę piersiową, ramiona lub Karate-gi"
Użycie sygnałów dźwiękowych nie jest uznawane za faul.;F;"5.7 Faule : 5.7.5 Użycie sygnałów dźwiękowych (od dowolnej innej osoby, w tym innych członków zespołu) lub teatralnych, takich jak nieuzasadnione tupanie nogami, uderzanie w klatkę piersiową, ramiona lub Karate-gi, jeżeli nie wynika to bezpośrednio z wykonywanej techniki (muchimi) lub niewłaściwe oddychanie, musi być uznane przez Sędziów za bardzo poważne faule w ich ocenie wykonania Kata – na takim samym poziomie, na jakim karano by za chwilową utratę równowagi"
Niewłaściwy wydech nie jest sygnałem dźwiękowym.;F;"5.7.5 Użycie sygnałów dźwiękowych (od dowolnej innej osoby, w tym innych członków zespołu) lub teatralnych, takich jak nieuzasadnione tupanie nogami, uderzanie w klatkę piersiową, ramiona lub Karate-gi, jeżeli nie wynika to bezpośrednio z wykonywanej techniki (muchimi) lub niewłaściwe oddychanie, musi być uznane przez Sędziów za bardzo poważne faule w ich ocenie wykonania Kata – na takim samym poziomie, na jakim karano by za chwilową utratę równowagi."
Wykonanie niepełnego bloku lub niecelne uderzanie jest uznawane za faul.;P;"5.7 Faule : 5.7.3 Wykonanie ruchu w nieprawidłowy lub niekompletny sposób, np. niewykonanie pełnego bloku lub uderzenie poza cel."
Spowodowanie kontuzji poprzez brak kontroli w technice podczas BUNKAI jest dozwolone.;F;5.7 Faule: 5.7.8 Spowodowanie kontuzji przez brak kontrolowanej techniki podczas Bunkai.
Członkowie drużyny muszą demonstrować kompetencję we wszystkich aspektach wykonania Kata, a także synchronizację.;P;3.5.3 Członkowie Drużyny muszą demonstrować kompetencje we wszystkich aspektach wykonania Kata, jak również synchronizację.
Komendy do rozpoczęcia lub zakończenia wykonania będą wzięte pod uwagę przez Sędziów podczas podejmowania decyzji.;P;"5.3.1 Prezentacja oceniana jest od ukłonu rozpoczynającego Kata do ukłonu kończącego Kata, z wyjątkiem Drużynowych meczy medalowych, gdzie wykonanie, jak również pomiar czasu, rozpoczyna się ukłonem na początku Kata i kończy się, gdy Zawodnicy ukłonią się po zakończeniu Bunkai (o ile Bunkai jest wymagane)."
Upewnienie się, że zgłaszane do stolika sędziowskiego Kata jest właściwe dla tej właśnie rundy jest odpowiedzialnością Prezydenta Narodowej Federacji.;F;"6.2 Jest wyłączną odpowiedzialnością Trenera, lub w przypadku nieobecności Trenera, odpowiedzialnością Zawodnika lub Drużyny zapewnić, że Kata wskazywane Gońcowi (lub w przypadku nieobecności Sędziom) jest odpowiednie dla tej konkretnej rundy."
Podczas wykonania BUNKAI, po przewróceniu zawodnik powinien albo podnieść się na jedno kolano lub wstać w ciągu 2 sekund.;P;3.5.7 Udawanie nieprzytomnego podczas wykonywania Bunkai nie jest właściwe: po powaleniu Zawodnik powinien unieść się na jedno kolano lub wstać w ciągu 2 sekund.
Pomijanie lub dodawanie technik lub w inny sposób znaczna zmiana wykonania w stosunku do oryginalnej formy skutkuje dyskwalifikacją.;P;"5.8 Dyskwalifikacja : d) Pomijanie lub dodawanie ruchów – lub w inny sposób istotna zmiana wykonania w stosunku do jego pierwotnej formy."
Nadmierne celebrowanie i demonstracje polityczne lub religijne jest traktowane jako dyskwalifikacja w Kumite, ale nie w Kata.;F;"5.11.1 Oczekuje się, że Zawodnicy będą szanować ceremonię powitania przed i po prezentacji. Wszelkie nadmierne celebrowanie, takie jak padanie na kolana itp., wyrażanie poglądów politycznych lub religijnych w trakcie lub bezpośrednio po prezentacji jest zabronione."
Zawodnik, po wykonaniu Kata, musi czekać na macie na ogłoszenie oceny.;F;6.8 Na koniec wykonania, które jest zdefiniowane jako ukłon końcowy Kata, Zawodnicy muszą powrócić do brzegu pola walki i oczekiwać na ogłoszenie zwycięzcy.
Zawodnicy mogą wybrać dowolne Kata z oficjalnej listy Kata.;P;5.1.1 W kategoriach U14 do seniora, można wykonać tylko Kata z oficjalnej listy Kata WKF. Oficjalna lista Kata znajduje się w ZAŁĄCZNIKU 1a. 5.1.2 W kategoriach U12 i niższych, można wykonać Kata z oficjalnej listy WKF oraz kata Taikyoku w wybranym stylu karate i dowolnej wersji.
Drużyna, która nie wykona ukłonu na początku lub na końcu wykonania, będzie zdyskwalifikowana.;P;5.8 Dyskwalifikacja 5.8.2 Tylko dla kategorii U14 i starsi : a) Brak ukłonu na początku i na końcu wykonania Kata
Użycie tradycyjnych broni, pomocniczego wyposażenia lub dodatkowego stroju jest dozwolone.;F;Jest niedozwolone
Wykonanie Kata indywidualnego jest oceniane od ukłonu rozpoczynającego Kata do ukłonu kończącego Kata.;P;"5.3.1 Prezentacja oceniana jest od ukłonu rozpoczynającego Kata do ukłonu kończącego Kata, z wyjątkiem Drużynowych meczy medalowych, gdzie wykonanie, jak również pomiar czasu, rozpoczyna się ukłonem na początku Kata i kończy się, gdy Zawodnicy ukłonią się po zakończeniu Bunkai (o ile Bunkai jest wymagane)."
Pas rozluźniający się do tego stopnia, że opada z bioder podczas wykonania, powoduje faul.;P;"5.7 Faule : 5.7.6 Pas rozluźniający się podczas wykonania do tego stopnia, że opada z bioder 5.8 Dyskwalifikacja 5.8.2 Tylko dla kategorii U14 i starsi c) Upadek pasa podczas prezentacji"
Pas rozluźniający się do tego stopnia, że opada z bioder podczas wykonania, powoduje dyskwalifikację.;F;"5.7 Faule : 5.7.6 Pas rozluźniający się podczas wykonania do tego stopnia, że opada z bioder 5.8 Dyskwalifikacja 5.8.7 Upadek pasa podczas prezentacji."
Po ukłonie Zawodnik musi wyraźnie zapowiedzieć nazwę Kata które ma być wykonane i następnie rozpocząć wykonanie.;P;5.7 Faule - 5.7.1 Zapowiedź Kata przed, zamiast po ukłonie
Występuje 10 kryteriów w wykonaniu technicznym.;P;5.7 Kryteria oceny Bunkai: 1. Pozycje 2. techniki 3. Przemieszczanie się 4. Timimg i dystans 5. Kontrola 6. Skupienie (kime) 7. Zgodność (z Kata): Używanie rzeczywistych ruchów wykonywanych w Kata 8. Siła 9. Szybkość 10. Balans
Choć wykonanie techniki rzutu nożycowego (KANI BASAMI) na strefę szyi w wykonaniu BUNKAI jest zabronione, to rzut nożycowy na strefę ciała jest dozwolony.;P;"3.5.8 Chociaż wykonywanie techniki obalenia nożycami w okolice szyi (Kani Basami) podczas BUNKAI jest zabronione, to dozwolone jest obalenie nożycami na korpus lub nogi. 5.8 Dyskwalifikacja : f) Wykonywanie techniki obalenia nożycami w okolice szyi w Bunkai (Jodan Kani Basami)"
Wykonanie techniki rzutu nożycowego (KANI BASAMI) na strefę szyi w BUNKAI nie jest zabronione.;F;"3.5.8 Chociaż wykonywanie techniki obalenia nożycami w okolice szyi (Kani Basami) podczas BUNKAI jest zabronione, to dozwolone jest obalenie nożycami na korpus lub nogi. 5.8 Dyskwalifikacja : f) Wykonywanie techniki obalenia nożycami w okolice szyi w Bunkai (Jodan Kani Basami)"
Zawodnicy zejdą z pola walki po ukłonach najpierw „SHOMEN NI REI” i potem „OTAGAI NI REI”.;F;6.12 (wkf) Po ogłoszeniu zwycięzcy Zawodnicy lub Drużyny na sygnał „OTAGAI NI REI” kłaniają się sobie i na „SHOMEN NI REI” kłaniają się Sędziom i opuszczają Tatami.
Sygnały dźwiękowe muszą być uznawane za bardzo poważny faul przez sędziów podczas oceny wykonania kata.;P;"5. Faule : 5.7.5 Użycie sygnałów dźwiękowych (od dowolnej innej osoby, w tym innych członków zespołu) lub teatralnych, takich jak nieuzasadnione tupanie nogami, uderzanie w klatkę piersiową, ramiona lub Karate-gi, jeżeli nie wynika to bezpośrednio z wykonywanej techniki (muchimi) lub niewłaściwe oddychanie, musi być uznane przez Sędziów za bardzo poważne faule w ich ocenie wykonania Kata – na takim samym poziomie, na jakim karano by za chwilową utratę równowagi."
Protest może być zgłoszony do przedstawiciela Komisji Odwoławczej przez Trenera.;F;"7.1.2 Jeżeli procedura sędziowania wydaje się sprzeczna z przepisami, tylko Trener Zawodnika lub jego/jej oficjalny przedstawiciel mogą złożyć protest. 7.1.5 Trener zwróci się z prośbą o oficjalny formularz protestu [ZAŁĄCZNIK 3] do Menadżera Tatami i oczekuje się, że zostanie on niezwłocznie wypełniony, podpisany i dostarczony do Menadżera Tatami wraz z odpowiednią opłatą w ciągu 5 minut od ogłoszenia zamiaru protestu 7.1.10 Protest musi być złożony do przedstawiciela Komisji Odwoławczej przez Menadżera Tatami"
Jest odpowiedzialnością Menadżera Tatami otrzymującego protest zebranie Komisji Odwoławczej i zdeponowanie wadium w WKF dla każdego odrzuconego protestu.;P;"7.3.1 Obowiązkiem Menadżera Tatami otrzymującego protest jest zebranie Komisji Odwoławczej i zdeponowanie kwoty protestu w WKF za każdy odrzucony protest."
Każdy z trzech członków Komisji Odwoławczej jest zobligowany dać swój werdykt co do zasadności protestu. Nie są akceptowane wstrzymania się od głosu.;P;"7.4.1 Jeżeli protest zostanie uznany za nieuzasadniony, Komisja Odwoławcza wyznaczy jednego ze swoich członków, do ustnego powiadomienia protestującego o odrzuceniu protestu, oznaczy oryginalny dokument napisem „ODRZUCONY”, zapewni podpis każdego z członków Komisji Odwoławczej i poinformuje protestującego o decyzji."
W Para-Karate reklama na wózkach inwalidzkich może być ona umieszczona na jego oparciu.;F;"( strony 13) 4.4.13 Umieszczanie logo sponsora lub reklam jest zabronione w następujących miejscach
 wózka:
 a) oparcie
 b) osłony boczne lub podłokietniki
 c) podnóżek
 d) kółka
 e) rama"
Jeśli protest jest przyjęty, Komisja Odwoławcza wyznaczy jednego ze swych członków, który ustnie powiadomi protestującego, że protest został przyjęty.;P;"7.4.2 W przypadku, gdy protest jest przyjęty, Komisja Odwoławcza wyznaczy jednego ze swoich członków, który ustnie powiadomi protestującego o przyjęciu protestu, opatrzy oryginalny dokument adnotacją „PRZYJĘTY” i zapewni, że zostanie on podpisany przez każdego z członków Komisji Odwoławczej przed złożeniem protestu u Sędziego Głównego i zwróceniem protestu opłaty za protest."
W zawodach Para-Karate występują trzy generalne kategorie zawodów: Zawodnicy z upośledzeniem wzroku, Zawodnicy z niepełnosprawnością intelektualną i Zawodnicy na wózkach inwalidzkich;P;"2.1.1 W zawodach Para Karate wykonywane jest wyłącznie Kata Indywidualne. Istnieją trzy ogólne kategorie Kata Indywidualnego w Para Karate:
 1. Zawodnicy z upośledzeniem wzroku (K10)
 2. Zawodnicy z upośledzeniem umysłowym - Zawodnicy z IQ poniżej 75 (K21)
 - Zawodnicy z zespołem Downa (K22)
 3. Zawodnicy z upośledzeniem fizycznym - Osoby na wózkach inwalidzkich (K30)"
"W Para-Karate protezy, laski, kule oraz inny sprzęt używany dla wspomagania fizycznego są dopuszczalne";F;"4.4.2 Akceptowanym wyposażeniem dodatkowym są opaski na oczy (klasa K10), okulary sportowe (klasy K21, K22 i K30), a w wózkach pasy na nogi (klasa K30). Protezy, laski, kule i inny sprzęt służący do wsparcia fizycznego nie są dozwolone w Zawodach i Klasyfikacji."
Zawodnicy, których niepełnosprawności zostały sklasyfikowane jako nieuprawniające lub którzy zostali uznani za niespełniający kryteriów przepisów zawodów nie są uprawnieni do startu w ParaKarate WKF;P;Jesli nie spełniają kryteriów - nie będą uprawnieni do startu w ParaKarate WKF Siedmiu sędziów przyzna swoje oceny w oparciu o ocenę wykonania Kata i poziom niezdolności zawodnika;F;  
Zawody Para-Karate składają się zarówno z Kata jak i Kumite;F;( strony 4) 2.1.1 W zawodach Para Karate wykonywane jest wyłącznie Kata Indywidualne.
Wózki inwalidzkie z kołami zapobiegającymi przewróceniu są dozwolone w zawodach Para-Karate;P;"4.4.7 Cechy wózka inwalidzkiego:Ze względów bezpieczeństwa dozwolone jest jedno lub dwa kółka zapobiegające
 przewróceniu się przymocowane z tyłu wózka inwalidzkiego. Można je
 przymocować do ramy lub tylnej osi i umieścić z tyłu wózka inwalidzkiego, do
 wózka można dodać kółka, które często lub nawet stale stykają się z podłogą.
 Szerokość między kółkami musi być ograniczona do odległości między wewnętrzną
 stroną dwóch dużych kół. Gdy Zawodnik siedzi na wózki inwalidzkim w pozycji
 jazdy do przodu, maksymalna dopuszczalna odległość między dolną częścią kółka
 (kółek) a tatami wynosi 2cm. Kółka zabezpieczające przed przewróceniem nie
 mogą wystawać poza płaszczyznę pionową, która styka się z najbardziej
 wysuniętymi do tyłu punktami kół napędowych. To wyrównanie należy oceniać,
 gdy wózek znajduje się w pozycji jazdy do przodu."
"Klasyfikacja w Para-Karate zawiera kompensację dodatkowymi punktami zależnie od wpływu poszczególnych niepełnosprawności na wykonanie kata";F;"2.1.2 Kategorie te są podzielone na Klasy Sportowe, zgodnie z funkcjonalną klasyfikacją niepełnosprawności Zawodnika (według Przepisów Klasyfikacji WKF Para Karate), a Punktacja Kompensacyjna w postaci Punktów Dodatkowych przyznawana jest zgodnie ze stopniem Upośledzenia."
W Para-Karate Medyczne Formularze Diagnostyczne potwierdzają stosowność niepełnosprawności Zawodnika i są wraz z badaniem funkcjonalnym na zawodach narzędziem do dostarczenia dokładniejszej klasyfikacji Zawodnika;P;"11.5 Formularze rejestracyjne i wszystkie dokumenty uzupełniające, w tym medyczne formularze diagnostyczne (MFD – ang. MDF) i wszelkie formularze wyłączeń dla celów terapeutycznych (FWT – ang. TUE) zatwierdzone przez krajową organizacje antydopingową, arkusz informacyjny badań przesiewowych Atlanto-Axial (tylko dla Zawodników z zespołem Downa), Formularz zgody na ocenę Zawodnika należy przesłać do internetowego systemu rejestracji WKF.
 1. FWT muszą zostać wcześniej złożone i zatwierdzone przez odpowiednią krajową
 organizacje antydopingową przed przedłożeniem ich Menadżerowi
 Antydopingowemu WKF
 2. Aby zostać uznanym za uprawnionego do rywalizacji jako Zawodnik z
 upośledzeniem umysłowym, Zawodnik musi spełniać wszystkie międzynarodowe
 kryteria kwalifikacyjne określone przez World Intellectual Impairment Sport
 (VIRTUS). Tylko Zawodnicy umieszczeni na głównej liście VIRTUS będą uprawnieni
 do udziału w mistrzostwach WKF Para Karate oraz Mistrzostwach
 Usankcjonowanych lub Promowanych przez VIRTUS. (Więcej informacji na temat
 procesu kwalifikowalności można znaleźć w „Ubieganie się o przyznanie uprawnień
 zawodnikom wytyczne VIRTUS”). Dotyczy to wyłącznie imprez i Mistrzostw
 organizowanych przez WKF."
Wszyscy zawodnicy Para-Karate mogą nosić białe buty sportowe.;F;Nie wszyscy
W przypadku dodatkowego badania klasyfikacyjnego, kontroli dopingowej, pożaru lub z powodu innej potrzeby nadzwyczajnej ewakuacji, Trenerzy Narodowi są bezpośrednio odpowiedzialni za bezpieczne zabranie Zawodników.;P;"4.3.4 W każdym nieprzewidzialnym incydencie, takim jak dodatkowe badania klasyfikacyjne,
 kontrola antydopingowa, pożar lub inna konieczność ewakuacji, Trenerzy narodowi są
 bezpośrednio odpowiedzialni za bezpieczne usunięcie Zawodników"
W Para-Karate Zawodnicy z niepełnosprawnością intelektualną mogą wykonywać to samo Kata w każdej rundzie.;P;"7.2.6 Zawodnicy z kategorii z upośledzeniem umysłowym (Klasy Sportowe K21 i K22) mogą
 wykonać to samo Kata w każdej rundzie, dlatego dozwolone jest powtarzanie Kata.
 Wszystkie inne Klasy Sportowe (K10, K30) muszą wykonać w każdej rundzie inne Kata –
 chyba, że Kata jest wykonywane jako rozstrzygające remis. Dozwolone są tylko Kata
 wymienione na oficjalnej liście Kata."
Zwierzęta usługowe tresowane i certyfikowane by wykrywać sytuacje zagrożenia życia nie mają wstępu na zewnętrzny obwód pola walki w Para-Karate.;F;"4.4.14.2 Zwierzęta asysty medycznej mogą towarzyszyć Zawodnikom na terenie zawodów,
 ale tylko zwierzęta przeszkolone i certyfikowane do wykrywania warunków zagrażających
 życiu będą mogły przebywać na zewnętrznym obwodzie Pola Walki, gdzie muszą
 przebywać bez powodowania zakłóceń. Zwierzęta asystujące nie mogą wchodzić na Pole
 Walki. Zwierzęta terapeutyczne, zwierzęta wsparcia emocjonalnego lub zwierzęta domowe,
 które nie są zwierzętami asysty medycznej, nie będą wpuszczane na obszar Pola Walki
 oraz jego otoczenie."
Komisja Odwoławcza musi sporządzić prosty raport incydentu protestu, opisujący jej ustalenia i stwierdzić powody dla przyjęcia lub odrzucenia protestu.;P;9.5.1 Po rozpatrzeniu protestu w opisany powyżej sposób, Komisja Odwoławcza zbierze się ponownie i sporządzi prosty protokół z protestu, opisujący swoje ustalenia i podający powody przyjęcia lub odrzucenia protestu
Na oficjalnej liście Kata jest 100 Kata.;F;jest 102 Kata, patrz: ZAŁĄCZNIK 1: OFICJALNA LISTA KATA
Rozstrzygnięcie remisów w Para-Karate będzie przeprowadzane na podstawie Przepisów Kata WKF.;F;7.5.1 Remisy rozstrzygane są w następujący sposób, aby wyłonić zwycięzcę: 1. Ten, który uzyskał najwyższą notę, wliczając w to również najniższą ocenę, uzyskaną w występie pomiędzy dwoma Zawodnikami oceny wskazane przez 6 z 7 Sędziów). 2. Ten, który uzyskał najwyższą notę obejmującą zarówno najniższą, jak i najwyższą ocenę uzyskaną w prezentacji pomiędzy dwoma Zawodniami (oceny wskazane przez wszystkich 7 Sędziów). 3. Najwyższy Ranking Światowy w dniu zawodów. 4. Rzut monetą (wybór losowy). 
W Para-Karate Zwierzęta terapeutyczne lub zwierzęta wsparcia emocjonalnego mają wstęp na pole walki lub na jego obwód.;F;"4.4.14.2 Zwierzęta asysty medycznej mogą towarzyszyć Zawodnikom na terenie zawodów,
 ale tylko zwierzęta przeszkolone i certyfikowane do wykrywania warunków zagrażających
 życiu będą mogły przebywać na zewnętrznym obwodzie Pola Walki, gdzie muszą
 przebywać bez powodowania zakłóceń. Zwierzęta asystujące nie mogą wchodzić na Pole
 Walki. Zwierzęta terapeutyczne, zwierzęta wsparcia emocjonalnego lub zwierzęta domowe,
 które nie są zwierzętami asysty medycznej, nie będą wpuszczane na obszar Pola Walki
 oraz jego otoczenie."
W Para-Karate jest dopuszczalne dla Zawodników z upośledzeniem wzroku noszenie opasek na oczy z logo lub oznaczeniami sponsorów lub producentów;F;"4.4.3.2 Opaski na oczy powinny być ciemnego i dyskretnego koloru (szary, niebieski, czarny) i nie
 powinny posiadać żadnych logo ani oznaczeń sponsorów lub producentów."
W Para-Karate Paski do umocowania nóg u Zawodników na wózkach inwalidzkich muszą być białego koloru i bez logo.;P;"4.4.8 Dozwolone są paski na nogi do mocowania nóg Zawodników na wózkach inwalidzkich
 (K30). Muszą być koloru białego, bez logo i muszą być wykonane z materiału, które nie
 jest elastyczny ani w inny sposób rozciągliwy. Można użyć maksymalnie trzech (3) pasów,
 należy je umieścić między kostkami a biodrem. Mocowanie górnej części ciała jest
 niedozwolone."
W Para-Karate System kompensacji wyniku za pomocą Punktów Dodatkowych musi być przyznany przez Panel Sędziowski do wpływu jego/jej szczególnej niepełnosprawności *.;F;7.3.2 Punkty Kompensacyjne (Dodatkowe Punkty) wydane przez Komisję Klasyfikacyjną zostaną wówczas dodane do Punktów Sędziowskich, aby uwzględnić wpływ niepełnosprawności Zawodnika na wykonanie Kata (zgodnie z opisem w Przepisach Klasyfikacyjnych WKF Para Karate).
W indywidualnych zawodach Para-Karate występują trzy Klasy Sportowe.;F;Są trzy kategorie, ale cztery Klasy Sportowe (K10, K21, K22, K30)
Rywalizacja Zawodników z niepełnosprawnością wzrokową w Para-Karate jest podzielona na dwie kategorie.;F;Nie jest podzielona - 2.1.1. - 1. Zawodnicy z upośledzeniem wzroku (K10)
Klasy Sportowe Juniorów/Kadetów są rekomendowane dla rozwoju Para-Karate.;F; 
Opaski na oczy są wymagane podczas wykonania dla wszystkich zawodników z niepełnosprawnością wzrokową.;P;"Opaski na oczy są wymagane od wszystkich Zawodników z Upośledzeniem Wzroku
 podczas wykonywania Kata."
Zawodnicy z niepełnosprawnością umysłową będą wykonywać Kata na stojąco.;P;"Klasy K21 i K22 mogą wykonywać jedno kata. Kata musi być wykonywane na
 stojąco"
Zawodnicy z niepełnosprawnością umysłową nie mogą powtarzać Kata.;F;"Klasy K21 i K22 mogą wykonywać jedno kata. Kata musi być wykonywane na
 stojąco"
